{"__meta":{"schema_version":3,"schema_name":"GBMModelV3","schema_type":"GBMModel"},"model_id":{"__meta":{"schema_version":3,"schema_name":"ModelKeyV3","schema_type":"Key<Model>"},"name":"GBM_4_AutoML_2_20230318_155053","type":"Key<Model>","URL":"/3/Models/GBM_4_AutoML_2_20230318_155053"},"algo":"gbm","algo_full_name":"Gradient Boosting Machine","response_column_name":"min_price","treatment_column_name":null,"data_frame":{"__meta":{"schema_version":3,"schema_name":"FrameKeyV3","schema_type":"Key<Frame>"},"name":"AutoML_2_20230318_155053_training_py_2_sid_ae86","type":"Key<Frame>","URL":"/3/Frames/AutoML_2_20230318_155053_training_py_2_sid_ae86"},"timestamp":1679134906782,"have_pojo":true,"have_mojo":true,"algo":"gbm","algo_full_name":"Gradient Boosting Machine","model_id":{"__meta":{"schema_version":3,"schema_name":"ModelKeyV3","schema_type":"Key<Model>"},"name":"GBM_4_AutoML_2_20230318_155053","type":"Key<Model>","URL":"/3/Models/GBM_4_AutoML_2_20230318_155053"},"parameters":[{"__meta":{"schema_version":3,"schema_name":"ModelParameterSchemaV3","schema_type":"Iced"},"name":"model_id","label":"model_id","help":"Destination id for this model; auto-generated if not specified.","required":false,"type":"Key<Model>","default_value":null,"actual_value":{"__meta":{"schema_version":3,"schema_name":"ModelKeyV3","schema_type":"Key<Model>"},"name":"GBM_4_AutoML_2_20230318_155053","type":"Key<Model>","URL":"/3/Models/GBM_4_AutoML_2_20230318_155053"},"input_value":null,"level":"critical","values":[],"is_member_of_frames":[],"is_mutually_exclusive_with":[],"gridable":false},{"__meta":{"schema_version":3,"schema_name":"ModelParameterSchemaV3","schema_type":"Iced"},"name":"training_frame","label":"training_frame","help":"Id of the training data frame.","required":false,"type":"Key<Frame>","default_value":null,"actual_value":{"__meta":{"schema_version":3,"schema_name":"FrameKeyV3","schema_type":"Key<Frame>"},"name":"AutoML_2_20230318_155053_training_py_2_sid_ae86","type":"Key<Frame>","URL":"/3/Frames/AutoML_2_20230318_155053_training_py_2_sid_ae86"},"input_value":{"__meta":{"schema_version":3,"schema_name":"FrameKeyV3","schema_type":"Key<Frame>"},"name":"AutoML_2_20230318_155053_training_py_2_sid_ae86","type":"Key<Frame>","URL":"/3/Frames/AutoML_2_20230318_155053_training_py_2_sid_ae86"},"level":"critical","values":[],"is_member_of_frames":[],"is_mutually_exclusive_with":[],"gridable":false},{"__meta":{"schema_version":3,"schema_name":"ModelParameterSchemaV3","schema_type":"Iced"},"name":"validation_frame","label":"validation_frame","help":"Id of the validation data frame.","required":false,"type":"Key<Frame>","default_value":null,"actual_value":{"__meta":{"schema_version":3,"schema_name":"FrameKeyV3","schema_type":"Key<Frame>"},"name":"py_4_sid_ae86","type":"Key<Frame>","URL":"/3/Frames/py_4_sid_ae86"},"input_value":{"__meta":{"schema_version":3,"schema_name":"FrameKeyV3","schema_type":"Key<Frame>"},"name":"py_4_sid_ae86","type":"Key<Frame>","URL":"/3/Frames/py_4_sid_ae86"},"level":"critical","values":[],"is_member_of_frames":[],"is_mutually_exclusive_with":[],"gridable":true},{"__meta":{"schema_version":3,"schema_name":"ModelParameterSchemaV3","schema_type":"Iced"},"name":"nfolds","label":"nfolds","help":"Number of folds for K-fold cross-validation (0 to disable or >= 2).","required":false,"type":"int","default_value":0,"actual_value":0,"input_value":0,"level":"critical","values":[],"is_member_of_frames":[],"is_mutually_exclusive_with":[],"gridable":false},{"__meta":{"schema_version":3,"schema_name":"ModelParameterSchemaV3","schema_type":"Iced"},"name":"keep_cross_validation_models","label":"keep_cross_validation_models","help":"Whether to keep the cross-validation models.","required":false,"type":"boolean","default_value":true,"actual_value":false,"input_value":false,"level":"expert","values":[],"is_member_of_frames":[],"is_mutually_exclusive_with":[],"gridable":false},{"__meta":{"schema_version":3,"schema_name":"ModelParameterSchemaV3","schema_type":"Iced"},"name":"keep_cross_validation_predictions","label":"keep_cross_validation_predictions","help":"Whether to keep the predictions of the cross-validation models.","required":false,"type":"boolean","default_value":false,"actual_value":true,"input_value":true,"level":"expert","values":[],"is_member_of_frames":[],"is_mutually_exclusive_with":[],"gridable":false},{"__meta":{"schema_version":3,"schema_name":"ModelParameterSchemaV3","schema_type":"Iced"},"name":"keep_cross_validation_fold_assignment","label":"keep_cross_validation_fold_assignment","help":"Whether to keep the cross-validation fold assignment.","required":false,"type":"boolean","default_value":false,"actual_value":false,"input_value":false,"level":"expert","values":[],"is_member_of_frames":[],"is_mutually_exclusive_with":[],"gridable":false},{"__meta":{"schema_version":3,"schema_name":"ModelParameterSchemaV3","schema_type":"Iced"},"name":"score_each_iteration","label":"score_each_iteration","help":"Whether to score during each iteration of model training.","required":false,"type":"boolean","default_value":false,"actual_value":false,"input_value":false,"level":"secondary","values":[],"is_member_of_frames":[],"is_mutually_exclusive_with":[],"gridable":false},{"__meta":{"schema_version":3,"schema_name":"ModelParameterSchemaV3","schema_type":"Iced"},"name":"score_tree_interval","label":"score_tree_interval","help":"Score the model after every so many trees. Disabled if set to 0.","required":false,"type":"int","default_value":0,"actual_value":5,"input_value":5,"level":"secondary","values":[],"is_member_of_frames":[],"is_mutually_exclusive_with":[],"gridable":false},{"__meta":{"schema_version":3,"schema_name":"ModelParameterSchemaV3","schema_type":"Iced"},"name":"fold_assignment","label":"fold_assignment","help":"Cross-validation fold assignment scheme, if fold_column is not specified. The 'Stratified' option will stratify the folds based on the response variable, for classification problems.","required":false,"type":"enum","default_value":"AUTO","actual_value":null,"input_value":"AUTO","level":"secondary","values":["AUTO","Random","Modulo","Stratified"],"is_member_of_frames":[],"is_mutually_exclusive_with":[],"gridable":true},{"__meta":{"schema_version":3,"schema_name":"ModelParameterSchemaV3","schema_type":"Iced"},"name":"fold_column","label":"fold_column","help":"Column with cross-validation fold index assignment per observation.","required":false,"type":"VecSpecifier","default_value":null,"actual_value":null,"input_value":null,"level":"secondary","values":[],"is_member_of_frames":["training_frame"],"is_mutually_exclusive_with":["response_column","weights_column","ignored_columns","offset_column"],"gridable":true},{"__meta":{"schema_version":3,"schema_name":"ModelParameterSchemaV3","schema_type":"Iced"},"name":"response_column","label":"response_column","help":"Response variable column.","required":false,"type":"VecSpecifier","default_value":null,"actual_value":{"__meta":{"schema_version":3,"schema_name":"ColSpecifierV3","schema_type":"VecSpecifier"},"column_name":"min_price","is_member_of_frames":null},"input_value":{"__meta":{"schema_version":3,"schema_name":"ColSpecifierV3","schema_type":"VecSpecifier"},"column_name":"min_price","is_member_of_frames":null},"level":"critical","values":[],"is_member_of_frames":["training_frame","validation_frame"],"is_mutually_exclusive_with":["weights_column","ignored_columns","offset_column","fold_column"],"gridable":true},{"__meta":{"schema_version":3,"schema_name":"ModelParameterSchemaV3","schema_type":"Iced"},"name":"ignored_columns","label":"ignored_columns","help":"Names of columns to ignore for training.","required":false,"type":"string[]","default_value":null,"actual_value":[],"input_value":[],"level":"critical","values":[],"is_member_of_frames":["training_frame","validation_frame"],"is_mutually_exclusive_with":["response_column","weights_column","offset_column","fold_column"],"gridable":false},{"__meta":{"schema_version":3,"schema_name":"ModelParameterSchemaV3","schema_type":"Iced"},"name":"ignore_const_cols","label":"ignore_const_cols","help":"Ignore constant columns.","required":false,"type":"boolean","default_value":true,"actual_value":true,"input_value":true,"level":"critical","values":[],"is_member_of_frames":[],"is_mutually_exclusive_with":[],"gridable":false},{"__meta":{"schema_version":3,"schema_name":"ModelParameterSchemaV3","schema_type":"Iced"},"name":"offset_column","label":"offset_column","help":"Offset column. This will be added to the combination of columns before applying the link function.","required":false,"type":"VecSpecifier","default_value":null,"actual_value":null,"input_value":null,"level":"secondary","values":[],"is_member_of_frames":["training_frame","validation_frame"],"is_mutually_exclusive_with":["response_column","weights_column","ignored_columns","fold_column"],"gridable":true},{"__meta":{"schema_version":3,"schema_name":"ModelParameterSchemaV3","schema_type":"Iced"},"name":"weights_column","label":"weights_column","help":"Column with observation weights. Giving some observation a weight of zero is equivalent to excluding it from the dataset; giving an observation a relative weight of 2 is equivalent to repeating that row twice. Negative weights are not allowed. Note: Weights are per-row observation weights and do not increase the size of the data frame. This is typically the number of times a row is repeated, but non-integer values are supported as well. During training, rows with higher weights matter more, due to the larger loss function pre-factor. If you set weight = 0 for a row, the returned prediction frame at that row is zero and this is incorrect. To get an accurate prediction, remove all rows with weight == 0.","required":false,"type":"VecSpecifier","default_value":null,"actual_value":null,"input_value":null,"level":"secondary","values":[],"is_member_of_frames":["training_frame","validation_frame"],"is_mutually_exclusive_with":["response_column","ignored_columns","offset_column","fold_column"],"gridable":true},{"__meta":{"schema_version":3,"schema_name":"ModelParameterSchemaV3","schema_type":"Iced"},"name":"balance_classes","label":"balance_classes","help":"Balance training data class counts via over/under-sampling (for imbalanced data).","required":false,"type":"boolean","default_value":false,"actual_value":false,"input_value":false,"level":"secondary","values":[],"is_member_of_frames":[],"is_mutually_exclusive_with":[],"gridable":true},{"__meta":{"schema_version":3,"schema_name":"ModelParameterSchemaV3","schema_type":"Iced"},"name":"class_sampling_factors","label":"class_sampling_factors","help":"Desired over/under-sampling ratios per class (in lexicographic order). If not specified, sampling factors will be automatically computed to obtain class balance during training. Requires balance_classes.","required":false,"type":"float[]","default_value":null,"actual_value":null,"input_value":null,"level":"expert","values":[],"is_member_of_frames":[],"is_mutually_exclusive_with":[],"gridable":true},{"__meta":{"schema_version":3,"schema_name":"ModelParameterSchemaV3","schema_type":"Iced"},"name":"max_after_balance_size","label":"max_after_balance_size","help":"Maximum relative size of the training data after balancing class counts (can be less than 1.0). Requires balance_classes.","required":false,"type":"float","default_value":5.0,"actual_value":5.0,"input_value":5.0,"level":"expert","values":[],"is_member_of_frames":[],"is_mutually_exclusive_with":[],"gridable":true},{"__meta":{"schema_version":3,"schema_name":"ModelParameterSchemaV3","schema_type":"Iced"},"name":"max_confusion_matrix_size","label":"max_confusion_matrix_size","help":"[Deprecated] Maximum size (# classes) for confusion matrices to be printed in the Logs","required":false,"type":"int","default_value":20,"actual_value":20,"input_value":20,"level":"secondary","values":[],"is_member_of_frames":[],"is_mutually_exclusive_with":[],"gridable":false},{"__meta":{"schema_version":3,"schema_name":"ModelParameterSchemaV3","schema_type":"Iced"},"name":"ntrees","label":"ntrees","help":"Number of trees.","required":false,"type":"int","default_value":50,"actual_value":75,"input_value":10000,"level":"critical","values":[],"is_member_of_frames":[],"is_mutually_exclusive_with":[],"gridable":true},{"__meta":{"schema_version":3,"schema_name":"ModelParameterSchemaV3","schema_type":"Iced"},"name":"max_depth","label":"max_depth","help":"Maximum tree depth (0 for unlimited).","required":false,"type":"int","default_value":5,"actual_value":10,"input_value":10,"level":"critical","values":[],"is_member_of_frames":[],"is_mutually_exclusive_with":[],"gridable":true},{"__meta":{"schema_version":3,"schema_name":"ModelParameterSchemaV3","schema_type":"Iced"},"name":"min_rows","label":"min_rows","help":"Fewest allowed (weighted) observations in a leaf.","required":false,"type":"double","default_value":10.0,"actual_value":10.0,"input_value":10.0,"level":"critical","values":[],"is_member_of_frames":[],"is_mutually_exclusive_with":[],"gridable":true},{"__meta":{"schema_version":3,"schema_name":"ModelParameterSchemaV3","schema_type":"Iced"},"name":"nbins","label":"nbins","help":"For numerical columns (real/int), build a histogram of (at least) this many bins, then split at the best point","required":false,"type":"int","default_value":20,"actual_value":20,"input_value":20,"level":"critical","values":[],"is_member_of_frames":[],"is_mutually_exclusive_with":[],"gridable":true},{"__meta":{"schema_version":3,"schema_name":"ModelParameterSchemaV3","schema_type":"Iced"},"name":"nbins_top_level","label":"nbins_top_level","help":"For numerical columns (real/int), build a histogram of (at most) this many bins at the root level, then decrease by factor of two per level","required":false,"type":"int","default_value":1024,"actual_value":1024,"input_value":1024,"level":"secondary","values":[],"is_member_of_frames":[],"is_mutually_exclusive_with":[],"gridable":true},{"__meta":{"schema_version":3,"schema_name":"ModelParameterSchemaV3","schema_type":"Iced"},"name":"nbins_cats","label":"nbins_cats","help":"For categorical columns (factors), build a histogram of this many bins, then split at the best point. Higher values can lead to more overfitting.","required":false,"type":"int","default_value":1024,"actual_value":1024,"input_value":1024,"level":"secondary","values":[],"is_member_of_frames":[],"is_mutually_exclusive_with":[],"gridable":true},{"__meta":{"schema_version":3,"schema_name":"ModelParameterSchemaV3","schema_type":"Iced"},"name":"r2_stopping","label":"r2_stopping","help":"r2_stopping is no longer supported and will be ignored if set - please use stopping_rounds, stopping_metric and stopping_tolerance instead. Previous version of H2O would stop making trees when the R^2 metric equals or exceeds this","required":false,"type":"double","default_value":1.7976931348623157E308,"actual_value":1.7976931348623157E308,"input_value":1.7976931348623157E308,"level":"secondary","values":[],"is_member_of_frames":[],"is_mutually_exclusive_with":[],"gridable":true},{"__meta":{"schema_version":3,"schema_name":"ModelParameterSchemaV3","schema_type":"Iced"},"name":"stopping_rounds","label":"stopping_rounds","help":"Early stopping based on convergence of stopping_metric. Stop if simple moving average of length k of the stopping_metric does not improve for k:=stopping_rounds scoring events (0 to disable)","required":false,"type":"int","default_value":0,"actual_value":3,"input_value":3,"level":"secondary","values":[],"is_member_of_frames":[],"is_mutually_exclusive_with":[],"gridable":true},{"__meta":{"schema_version":3,"schema_name":"ModelParameterSchemaV3","schema_type":"Iced"},"name":"stopping_metric","label":"stopping_metric","help":"Metric to use for early stopping (AUTO: logloss for classification, deviance for regression and anomaly_score for Isolation Forest). Note that custom and custom_increasing can only be used in GBM and DRF with the Python client.","required":false,"type":"enum","default_value":"AUTO","actual_value":"deviance","input_value":"deviance","level":"secondary","values":["AUTO","deviance","logloss","MSE","RMSE","MAE","RMSLE","AUC","AUCPR","lift_top_group","misclassification","mean_per_class_error","anomaly_score","custom","custom_increasing"],"is_member_of_frames":[],"is_mutually_exclusive_with":[],"gridable":true},{"__meta":{"schema_version":3,"schema_name":"ModelParameterSchemaV3","schema_type":"Iced"},"name":"stopping_tolerance","label":"stopping_tolerance","help":"Relative tolerance for metric-based stopping criterion (stop if relative improvement is not at least this much)","required":false,"type":"double","default_value":0.001,"actual_value":0.0013063549562376143,"input_value":0.0013063549562376143,"level":"secondary","values":[],"is_member_of_frames":[],"is_mutually_exclusive_with":[],"gridable":true},{"__meta":{"schema_version":3,"schema_name":"ModelParameterSchemaV3","schema_type":"Iced"},"name":"max_runtime_secs","label":"max_runtime_secs","help":"Maximum allowed runtime in seconds for model training. Use 0 to disable.","required":false,"type":"double","default_value":0.0,"actual_value":0.0,"input_value":0.0,"level":"secondary","values":[],"is_member_of_frames":[],"is_mutually_exclusive_with":[],"gridable":true},{"__meta":{"schema_version":3,"schema_name":"ModelParameterSchemaV3","schema_type":"Iced"},"name":"seed","label":"seed","help":"Seed for pseudo random number generator (if applicable)","required":false,"type":"long","default_value":-1,"actual_value":15,"input_value":15,"level":"critical","values":[],"is_member_of_frames":[],"is_mutually_exclusive_with":[],"gridable":true},{"__meta":{"schema_version":3,"schema_name":"ModelParameterSchemaV3","schema_type":"Iced"},"name":"build_tree_one_node","label":"build_tree_one_node","help":"Run on one node only; no network overhead but fewer cpus used. Suitable for small datasets.","required":false,"type":"boolean","default_value":false,"actual_value":false,"input_value":false,"level":"expert","values":[],"is_member_of_frames":[],"is_mutually_exclusive_with":[],"gridable":false},{"__meta":{"schema_version":3,"schema_name":"ModelParameterSchemaV3","schema_type":"Iced"},"name":"learn_rate","label":"learn_rate","help":"Learning rate (from 0.0 to 1.0)","required":false,"type":"double","default_value":0.1,"actual_value":0.1,"input_value":0.1,"level":"critical","values":[],"is_member_of_frames":[],"is_mutually_exclusive_with":[],"gridable":true},{"__meta":{"schema_version":3,"schema_name":"ModelParameterSchemaV3","schema_type":"Iced"},"name":"learn_rate_annealing","label":"learn_rate_annealing","help":"Scale the learning rate by this factor after each tree (e.g., 0.99 or 0.999) ","required":false,"type":"double","default_value":1.0,"actual_value":1.0,"input_value":1.0,"level":"secondary","values":[],"is_member_of_frames":[],"is_mutually_exclusive_with":[],"gridable":true},{"__meta":{"schema_version":3,"schema_name":"ModelParameterSchemaV3","schema_type":"Iced"},"name":"distribution","label":"distribution","help":"Distribution function","required":false,"type":"enum","default_value":"AUTO","actual_value":"gaussian","input_value":"gaussian","level":"secondary","values":["AUTO","bernoulli","quasibinomial","ordinal","multinomial","gaussian","poisson","gamma","tweedie","laplace","quantile","huber","custom"],"is_member_of_frames":[],"is_mutually_exclusive_with":[],"gridable":true},{"__meta":{"schema_version":3,"schema_name":"ModelParameterSchemaV3","schema_type":"Iced"},"name":"quantile_alpha","label":"quantile_alpha","help":"Desired quantile for Quantile regression, must be between 0 and 1.","required":false,"type":"double","default_value":0.5,"actual_value":0.5,"input_value":0.5,"level":"secondary","values":[],"is_member_of_frames":[],"is_mutually_exclusive_with":[],"gridable":true},{"__meta":{"schema_version":3,"schema_name":"ModelParameterSchemaV3","schema_type":"Iced"},"name":"tweedie_power","label":"tweedie_power","help":"Tweedie power for Tweedie regression, must be between 1 and 2.","required":false,"type":"double","default_value":1.5,"actual_value":1.5,"input_value":1.5,"level":"secondary","values":[],"is_member_of_frames":[],"is_mutually_exclusive_with":[],"gridable":true},{"__meta":{"schema_version":3,"schema_name":"ModelParameterSchemaV3","schema_type":"Iced"},"name":"huber_alpha","label":"huber_alpha","help":"Desired quantile for Huber/M-regression (threshold between quadratic and linear loss, must be between 0 and 1).","required":false,"type":"double","default_value":0.9,"actual_value":0.9,"input_value":0.9,"level":"secondary","values":[],"is_member_of_frames":[],"is_mutually_exclusive_with":[],"gridable":true},{"__meta":{"schema_version":3,"schema_name":"ModelParameterSchemaV3","schema_type":"Iced"},"name":"checkpoint","label":"checkpoint","help":"Model checkpoint to resume training with.","required":false,"type":"Key<Model>","default_value":null,"actual_value":null,"input_value":null,"level":"secondary","values":[],"is_member_of_frames":[],"is_mutually_exclusive_with":[],"gridable":false},{"__meta":{"schema_version":3,"schema_name":"ModelParameterSchemaV3","schema_type":"Iced"},"name":"sample_rate","label":"sample_rate","help":"Row sample rate per tree (from 0.0 to 1.0)","required":false,"type":"double","default_value":1.0,"actual_value":0.8,"input_value":0.8,"level":"critical","values":[],"is_member_of_frames":[],"is_mutually_exclusive_with":[],"gridable":true},{"__meta":{"schema_version":3,"schema_name":"ModelParameterSchemaV3","schema_type":"Iced"},"name":"sample_rate_per_class","label":"sample_rate_per_class","help":"A list of row sample rates per class (relative fraction for each class, from 0.0 to 1.0), for each tree","required":false,"type":"double[]","default_value":null,"actual_value":null,"input_value":null,"level":"expert","values":[],"is_member_of_frames":[],"is_mutually_exclusive_with":[],"gridable":true},{"__meta":{"schema_version":3,"schema_name":"ModelParameterSchemaV3","schema_type":"Iced"},"name":"col_sample_rate","label":"col_sample_rate","help":"Column sample rate (from 0.0 to 1.0)","required":false,"type":"double","default_value":1.0,"actual_value":0.8,"input_value":0.8,"level":"critical","values":[],"is_member_of_frames":[],"is_mutually_exclusive_with":[],"gridable":true},{"__meta":{"schema_version":3,"schema_name":"ModelParameterSchemaV3","schema_type":"Iced"},"name":"col_sample_rate_change_per_level","label":"col_sample_rate_change_per_level","help":"Relative change of the column sampling rate for every level (must be > 0.0 and <= 2.0)","required":false,"type":"double","default_value":1.0,"actual_value":1.0,"input_value":1.0,"level":"expert","values":[],"is_member_of_frames":[],"is_mutually_exclusive_with":[],"gridable":true},{"__meta":{"schema_version":3,"schema_name":"ModelParameterSchemaV3","schema_type":"Iced"},"name":"col_sample_rate_per_tree","label":"col_sample_rate_per_tree","help":"Column sample rate per tree (from 0.0 to 1.0)","required":false,"type":"double","default_value":1.0,"actual_value":0.8,"input_value":0.8,"level":"secondary","values":[],"is_member_of_frames":[],"is_mutually_exclusive_with":[],"gridable":true},{"__meta":{"schema_version":3,"schema_name":"ModelParameterSchemaV3","schema_type":"Iced"},"name":"min_split_improvement","label":"min_split_improvement","help":"Minimum relative improvement in squared error reduction for a split to happen","required":false,"type":"double","default_value":1.0E-5,"actual_value":1.0E-5,"input_value":1.0E-5,"level":"secondary","values":[],"is_member_of_frames":[],"is_mutually_exclusive_with":[],"gridable":true},{"__meta":{"schema_version":3,"schema_name":"ModelParameterSchemaV3","schema_type":"Iced"},"name":"histogram_type","label":"histogram_type","help":"What type of histogram to use for finding optimal split points","required":false,"type":"enum","default_value":"AUTO","actual_value":"UniformAdaptive","input_value":"AUTO","level":"secondary","values":["AUTO","UniformAdaptive","Random","QuantilesGlobal","RoundRobin","UniformRobust"],"is_member_of_frames":[],"is_mutually_exclusive_with":[],"gridable":true},{"__meta":{"schema_version":3,"schema_name":"ModelParameterSchemaV3","schema_type":"Iced"},"name":"max_abs_leafnode_pred","label":"max_abs_leafnode_pred","help":"Maximum absolute value of a leaf node prediction","required":false,"type":"double","default_value":1.7976931348623157E308,"actual_value":1.7976931348623157E308,"input_value":1.7976931348623157E308,"level":"expert","values":[],"is_member_of_frames":[],"is_mutually_exclusive_with":[],"gridable":true},{"__meta":{"schema_version":3,"schema_name":"ModelParameterSchemaV3","schema_type":"Iced"},"name":"pred_noise_bandwidth","label":"pred_noise_bandwidth","help":"Bandwidth (sigma) of Gaussian multiplicative noise ~N(1,sigma) for tree node predictions","required":false,"type":"double","default_value":0.0,"actual_value":0.0,"input_value":0.0,"level":"expert","values":[],"is_member_of_frames":[],"is_mutually_exclusive_with":[],"gridable":true},{"__meta":{"schema_version":3,"schema_name":"ModelParameterSchemaV3","schema_type":"Iced"},"name":"categorical_encoding","label":"categorical_encoding","help":"Encoding scheme for categorical features","required":false,"type":"enum","default_value":"AUTO","actual_value":"Enum","input_value":"AUTO","level":"secondary","values":["AUTO","Enum","OneHotInternal","OneHotExplicit","Binary","Eigen","LabelEncoder","SortByResponse","EnumLimited"],"is_member_of_frames":[],"is_mutually_exclusive_with":[],"gridable":true},{"__meta":{"schema_version":3,"schema_name":"ModelParameterSchemaV3","schema_type":"Iced"},"name":"calibrate_model","label":"calibrate_model","help":"Use Platt Scaling (default) or Isotonic Regression to calculate calibrated class probabilities. Calibration can provide more accurate estimates of class probabilities.","required":false,"type":"boolean","default_value":false,"actual_value":false,"input_value":false,"level":"expert","values":[],"is_member_of_frames":[],"is_mutually_exclusive_with":[],"gridable":false},{"__meta":{"schema_version":3,"schema_name":"ModelParameterSchemaV3","schema_type":"Iced"},"name":"calibration_frame","label":"calibration_frame","help":"Data for model calibration","required":false,"type":"Key<Frame>","default_value":null,"actual_value":null,"input_value":null,"level":"expert","values":[],"is_member_of_frames":[],"is_mutually_exclusive_with":[],"gridable":false},{"__meta":{"schema_version":3,"schema_name":"ModelParameterSchemaV3","schema_type":"Iced"},"name":"calibration_method","label":"calibration_method","help":"Calibration method to use","required":false,"type":"enum","default_value":"AUTO","actual_value":"PlattScaling","input_value":"AUTO","level":"expert","values":["AUTO","PlattScaling","IsotonicRegression"],"is_member_of_frames":[],"is_mutually_exclusive_with":[],"gridable":false},{"__meta":{"schema_version":3,"schema_name":"ModelParameterSchemaV3","schema_type":"Iced"},"name":"custom_metric_func","label":"custom_metric_func","help":"Reference to custom evaluation function, format: `language:keyName=funcName`","required":false,"type":"string","default_value":null,"actual_value":null,"input_value":null,"level":"secondary","values":[],"is_member_of_frames":[],"is_mutually_exclusive_with":[],"gridable":false},{"__meta":{"schema_version":3,"schema_name":"ModelParameterSchemaV3","schema_type":"Iced"},"name":"custom_distribution_func","label":"custom_distribution_func","help":"Reference to custom distribution, format: `language:keyName=funcName`","required":false,"type":"string","default_value":null,"actual_value":null,"input_value":null,"level":"secondary","values":[],"is_member_of_frames":[],"is_mutually_exclusive_with":[],"gridable":false},{"__meta":{"schema_version":3,"schema_name":"ModelParameterSchemaV3","schema_type":"Iced"},"name":"export_checkpoints_dir","label":"export_checkpoints_dir","help":"Automatically export generated models to this directory.","required":false,"type":"string","default_value":null,"actual_value":null,"input_value":null,"level":"secondary","values":[],"is_member_of_frames":[],"is_mutually_exclusive_with":[],"gridable":false},{"__meta":{"schema_version":3,"schema_name":"ModelParameterSchemaV3","schema_type":"Iced"},"name":"in_training_checkpoints_dir","label":"in_training_checkpoints_dir","help":"Create checkpoints into defined directory while training process is still running. In case of cluster shutdown, this checkpoint can be used to restart training.","required":false,"type":"string","default_value":null,"actual_value":null,"input_value":null,"level":"expert","values":[],"is_member_of_frames":[],"is_mutually_exclusive_with":[],"gridable":false},{"__meta":{"schema_version":3,"schema_name":"ModelParameterSchemaV3","schema_type":"Iced"},"name":"in_training_checkpoints_tree_interval","label":"in_training_checkpoints_tree_interval","help":"Checkpoint the model after every so many trees. Parameter is used only when in_training_checkpoints_dir is defined","required":false,"type":"int","default_value":1,"actual_value":1,"input_value":1,"level":"expert","values":[],"is_member_of_frames":[],"is_mutually_exclusive_with":[],"gridable":false},{"__meta":{"schema_version":3,"schema_name":"ModelParameterSchemaV3","schema_type":"Iced"},"name":"monotone_constraints","label":"monotone_constraints","help":"A mapping representing monotonic constraints. Use +1 to enforce an increasing constraint and -1 to specify a decreasing constraint.","required":false,"type":"KeyValue[]","default_value":null,"actual_value":null,"input_value":null,"level":"secondary","values":[],"is_member_of_frames":[],"is_mutually_exclusive_with":[],"gridable":false},{"__meta":{"schema_version":3,"schema_name":"ModelParameterSchemaV3","schema_type":"Iced"},"name":"check_constant_response","label":"check_constant_response","help":"Check if response column is constant. If enabled, then an exception is thrown if the response column is a constant value.If disabled, then model will train regardless of the response column being a constant value or not.","required":false,"type":"boolean","default_value":true,"actual_value":true,"input_value":true,"level":"expert","values":[],"is_member_of_frames":[],"is_mutually_exclusive_with":[],"gridable":false},{"__meta":{"schema_version":3,"schema_name":"ModelParameterSchemaV3","schema_type":"Iced"},"name":"gainslift_bins","label":"gainslift_bins","help":"Gains/Lift table number of bins. 0 means disabled.. Default value -1 means automatic binning.","required":false,"type":"int","default_value":-1,"actual_value":-1,"input_value":-1,"level":"secondary","values":[],"is_member_of_frames":[],"is_mutually_exclusive_with":[],"gridable":false},{"__meta":{"schema_version":3,"schema_name":"ModelParameterSchemaV3","schema_type":"Iced"},"name":"auc_type","label":"auc_type","help":"Set default multinomial AUC type.","required":false,"type":"enum","default_value":"AUTO","actual_value":"AUTO","input_value":"AUTO","level":"secondary","values":["AUTO","NONE","MACRO_OVR","WEIGHTED_OVR","MACRO_OVO","WEIGHTED_OVO"],"is_member_of_frames":[],"is_mutually_exclusive_with":[],"gridable":true},{"__meta":{"schema_version":3,"schema_name":"ModelParameterSchemaV3","schema_type":"Iced"},"name":"interaction_constraints","label":"interaction_constraints","help":"A set of allowed column interactions.","required":false,"type":"string[][]","default_value":null,"actual_value":null,"input_value":null,"level":"expert","values":[],"is_member_of_frames":[],"is_mutually_exclusive_with":[],"gridable":false}],"output":{"__meta":{"schema_version":3,"schema_name":"GBMModelOutputV3","schema_type":"GBMOutput"},"names":["commodity_name","state","district","market","min_price"],"original_names":null,"column_types":["Enum","Enum","Enum","Enum","Numeric"],"domains":[["\u0000\u0000<0xEFBFBDEFBFBDEFBFBD>\u0002\u0000\u0000\u0000<0xEFBFBDEFBFBDEFBFBD>\u0000x<0xEFBFBDEFBFBDEFBFBD>\u007f\u0000<0xEFBFBDEFBFBDEFBFBD>Apple","Ajwan","Alasande Gram","Alasande+Gram","Almond(Badam)","Alsandikai","Amaranthus","Ambada+Seed","Amla(Nelli Kai)","Amla(Nelli+Kai)","Amphophalus","Antawala","Anthorium","Apple","Arecanut(Betelnut/Supari)","Arhar (Tur/Red Gram)(Whole)","Arhar+Dal(Tur+Dal)","Ashgourd","Avare+Dal","Balekai","Bamboo","Banana","Banana+-+Green","Barley+(Jau)","Beans","Beaten+Rice","Beetroot","Betal+Leaves","Bitter+gourd","Black+pepper","Bottle+gourd","Bran","Brinjal","Broken+Rice","Bull","Bunch+Beans","Butter","Cabbage","Calf","Capsicum","Cardamoms","Carrot","Cashewnuts","Castor+Seed","Cauliflower","Chapparad+Avare","Chennangi+Dal","Cherry","Chikoos(Sapota)","Chili+Red","Chilly+Capsicum","Chow+Chow","Chrysanthemum(Loose)","Cloves","Cluster+beans","Coca","Cock","Cocoa","Coconut","Coconut+Oil","Coconut+Seed","Coffee","Colacasia","Copra","Coriander(Leaves)","Corriander+seed","Cotton","Cotton+Seed","Cow","Cowpea(Veg)","Cucumbar(Kheera)","Cummin+Seed(Jeera)","Dalda","Dhaincha","Drumstick","Dry+Chillies","Dry+Fodder","Dry+Grapes","Duck","Duster+Beans","Egg","Elephant+Yam+(Suran)","Field+Pea","Firewood","Fish","Galgal(Lemon)","Garlic","Ghee","Gingelly+Oil","Ginger(Dry)","Ginger(Green)","Goat","Gram+Raw(Chholia)","Gramflour","Grapes","Green+Avare+(W)","Green+Chilli","Green+Fodder","Green+Peas","Ground+Nut+Seed","Groundnut","Groundnut+(Split)","Groundnut+pods+(raw)","Guar","Guava","Gur(Jaggery)","Gurellu","He+Buffalo","Hen","Hippe+Seed","Honge+seed","Hybrid+Cumbu","Indian+Beans+(Seam)","Indian+Colza(Sarson)","Isabgul+(Psyllium)","Jack+Fruit","Jamun(Narale+Hannu)","Jasmine","Jowar(Sorghum)","Jute","Karbuja(Musk+Melon)","Kartali+(Kantola)","Khoya","Kinnow","Knool+Khol","Kodo+Millet(Varagu)","Kulthi(Horse+Gram)","Lak(Teora)","Leafy+Vegetable","Lemon","Lime","Linseed","Lint","Litchi","Long+Melon(Kakri)","Lotus+Sticks","Lukad","Mace","Mahedi","Mahua","Maida+Atta","Maize","Mango","Mango+(Raw-Ripe)","Marigold(Calcutta)","Marigold(loose)","Mashrooms","Masur+Dal","Mataki","Methi(Leaves)","Methi+Seeds","Millets","Mint(Pudina)","Moath+Dal","Mousambi(Sweet+Lime)","Mustard","Mustard+Oil","Myrobolan(Harad)","Neem+Seed","Niger+Seed+(Ramtil)","Nutmeg","Onion","Onion+Green","Orange","Other+Pulses","Ox","Paddy(Dhan)(Basmati)","Paddy(Dhan)(Common)","Papaya","Papaya+(Raw)","Peach","Pear(Marasebu)","Peas(Dry)","Peas+Wet","Peas+cod","Pepper+garbled","Pepper+ungarbled","Persimon(Japani+Fal)","Pigs","Pineapple","Plum","Pomegranate","Potato","Pumpkin","Raddish","Ragi+(Finger+Millet)","Rajgir","Ram","Rice","Ridge+gourd(Tori)","Ridgeguard(Tori)","Rose(Local)","Rose(Loose)","Round+gourd","Rubber","Sabu+Dan","Sabu+Dana","Safflower","Sajje","Same/Savi","Season+Leaves","Seemebadnekai","Seetafal","Seetapal","She+Buffalo","She+Goat","Sheep","Siddota","Snake+gourd","Snakeguard","Soanf","Soji","Soyabean","Spinach","Sponge+gourd","Sugar","Sugarcane","Sunflower","Sunhemp","Surat+Beans+(Papadi)","Suva+(Dill+Seed)","Suvarna+Gadde","Sweet+Potato","Sweet+Pumpkin","T.V.+Cumbu","Tamarind+Fruit","Tamarind+Seed","Tapioca","Taramira","Tender+Coconut","Thogrikai","Thondekai","Tinda","Tobacco","Tomato","Toria","Tube+Rose(Loose)","Turmeric","Turmeric+(raw)","Turnip","Walnut","Water+Melon","Wheat","Wheat+Atta","White+Peas","White+Pumpkin","Wood","Yam","Yam+(Ratalu)"],["Andaman and Nicobar","Andhra Pradesh","Assam","Chattisgarh","Goa","Gujarat","Haryana","Himachal Pradesh","Jammu and Kashmir","Jharkhand","Karnataka","Kerala","Madhya Pradesh","Maharashtra","Manipur","Meghalaya","Mizoram","NCT of Delhi","Nagaland","Odisha","Pondicherry","Punjab","Rajasthan","Tamil Nadu","Telangana","Tripura","Uttar Pradesh","Uttrakhand","West Bengal"],["Adilabad","Agra","Ahmedabad","Ahmednagar","Aizawl","Ajmer","Akola","Alappuzha","Aligarh","Alirajpur","Allahabad","Alwar","Amarawati","Ambala","Ambedkarnagar","Amreli","Amritsar","Anand","Anantapur","Anantnag","Angul","Anupur","Ariyalur","Ashoknagar","Auraiya","Aurangabad","Azamgarh","Badaun","Badgam","Badwani","Bagalkot","Baghpat","Bahraich","Balaghat","Balasore","Ballia","Balod","Balodabazar","Balrampur","Banaskanth","Banda","Bangaigaon","Bangalore","Bankura","Barabanki","Baramulla","Baran","Bareilly","Bargarh","Barmer","Barnala","Barpeta","Bastar","Basti","Beed","Belgaum","Bellary","Bemetara","Betul","Bhadohi(Sant Ravi Nagar)","Bhadrak","Bhandara","Bharatpur","Bharuch","Bhatinda","Bhavnagar","Bhilwara","Bhind","Bhiwani","Bhopal","Bidar","Bijapur","Bijnor","Bikaner","Bilaspur","Birbhum","Bishnupur","Bolangir","Botad","Boudh","Bulandshahar","Buldhana","Bundi","Burdwan","Burhanpur","Cachar","Chamba","Champawat","Chamrajnagar","Chandauli","Chandel","Chandrapur","Chhatarpur","Chhindwara","Chikmagalur","Chitradurga","Chitrakut","Chittor","Chittorgarh","Churu","Coimbatore","Coochbehar","Cuddalore","Cuddapah","Cuttack","Dahod","Dakshin Dinajpur","Damoh","Dantewada","Darjeeling","Darrang","Datia","Dausa","Davangere","Dehradoon","Delhi","Deoria","Dewas","Dhalai","Dhamtari","Dhar","Dharmapuri","Dharwad","Dhenkanal","Dholpur","Dhubri","Dhule","Dibrugarh","Dimapur","Dindigul","Dindori","Durg","East Godavari","East Jaintia Hills","East Khasi Hills","Ernakulam","Erode","Etah","Etawah","Faizabad","Faridabad","Faridkot","Farukhabad","Fatehabad","Fatehgarh","Fatehpur","Fazilka","Ferozpur","Firozabad","Gadag","Gadchiroli","Gajapati","Gandhinagar","Ganganagar","Ganjam","Garhwa","Garhwal (Pauri)","Gariyaband","Gautam Budh Nagar","Ghaziabad","Ghazipur","Giridih","Goalpara","Golaghat","Gomati","Gonda","Gondiya","Gorakhpur","Gulbarga","Guna","Guntur","Gurdaspur","Gurgaon","Gwalior","Hailakandi","Hamirpur","Hanumangarh","Harda","Hardoi","Haridwar","Hassan","Hathras","Haveri","Hingoli","Hissar","Hooghly","Hoshangabad","Hoshiarpur","Howrah","Hyderabad","Idukki","Imphal East","Imphal West","Indore","Jabalpur","Jagatsinghpur","Jaipur","Jaisalmer","Jajpur","Jalana","Jalandhar","Jalaun (Orai)","Jalgaon","Jalore","Jalpaiguri","Jammu","Jamnagar","Janjgir","Jashpur","Jaunpur","Jhabua","Jhajar","Jhalawar","Jhansi","Jharsuguda","Jhunjunu","Jind","Jodhpur","Jorhat","Junagarh","Jyotiba Phule Nagar","Kabirdham","Kachchh","Kaithal","Kalahandi","Kamrup","Kancheepuram","Kandhamal","Kangra","Kanker","Kannuj","Kannur","Kanpur","Karaikal","Karauli","Karimganj","Karimnagar","Karnal","Karwar(Uttar Kannad)","Kasargod","Kathua","Katni","Kaushambi","Kendrapara","Keonjhar","Khammam","Khandwa","Khargone","Kheda","Khiri (Lakhimpur)","Khowai","Khurda","Kiphire","Koderma","Kohima","Kokrajhar","Kolar","Kolhapur","Kolkata","Kollam","Kondagaon","Koppal","Koraput","Korba","Koria","Kota","Kottayam","Kozhikode(Calicut)","Krishnagiri","Kullu","Kurnool","Kurukshetra","Lakhimpur","Lalitpur","Latur","Lohardaga","Longleng","Lucknow","Ludhiana","Madikeri(Kodagu)","Madurai","Maharajganj","Mahasamund","Mahbubnagar","Mahendragarh-Narnaul","Mahoba","Mainpuri","Malappuram","Malda","Malkangiri","Mandi","Mandla","Mandsaur","Mandya","Mangalore(Dakshin Kannad)","Mansa","Marigaon","Mathura","Mau(Maunathbhanjan)","Mayurbhanja","Medak","Medinipur(E)","Medinipur(W)","Meerut","Mehsana","Mewat","Mirzapur","Moga","Mohali","Mokokchung","Morbi","Morena","Muktsar","Mumbai","Mungeli","Muradabad","Murshidabad","Muzaffarnagar","Mysore","Nadia","Nagaon","Nagapattinam","Nagaur","Nagpur","Nalbari","Nalgonda","Namakkal","Nanded","Nandurbar","Nanital","Narayanpur","Narmada","Narsinghpur","Nashik","Navsari","Nawanshahr","Nayagarh","Neemuch","Nicobar","Nizamabad","Nongpoh (R-Bhoi)","North 24 Parganas","North Goa","North Tripura","Nowarangpur","Nuapada","Osmanabad","Padrauna(Kusinagar)","Palakad","Pali","Palwal","Panchkula","Panchmahals","Panipat","Panna","Parbhani","Patan","Pathanamthitta","Pathankot","Patiala","Peren","Phek","Pillibhit","Pondicherry","Porbandar","Pratapgarh","Pulwama","Pune","Puri","Puruliya","Raebarelli","Raichur","Raigad","Raigarh","Raipur","Raisen","Rajasamand","Rajgarh","Rajkot","Rajnandgaon","Rajouri","Ramanathapuram","Rampur","Ranga Reddy","Ratlam","Ratnagiri","Rayagada","Rewa","Rewari","Rohtak","Ropar (Rupnagar)","Sabarkantha","Sagar","Saharanpur","Salem","Sambalpur","Sangli","Sangrur","Sant Kabir Nagar","Satara","Satna","Sehore","Seoni","Sepahijala","Shahjahanpur","Shajapur","Shehdol","Sheopur","Shimla","Shimoga","Shivpuri","Sholapur","Shravasti","Siddharth Nagar","Sidhi","Sikar","Singroli","Sirmore","Sirohi","Sirsa","Sitapur","Sivaganga","Solan","Sonbhadra","Sonepur","Sonipat","Sonitpur","Sounth 24 Parganas","South District","South Goa","Srinagar","Sukma","Sultanpur","Sundergarh","Surajpur","Surat","Surendranagar","Surguja","Swai Madhopur","Tarntaran","Thane","Thanjavur","The Dangs","Theni","Thirssur","Thiruchirappalli","Thiruvananthapuram","Thiruvannamalai","Thiruvarur","Thoubal","Tikamgarh","Tonk","Tuensang","Tumkur","Udaipur","UdhamSinghNagar","Udhampur","Udupi","Ujjain","Umariya","Una","Unnao","Unokoti","Uttar Dinajpur","Vadodara(Baroda)","Valsad","Varanasi","Vashim","Vellore","Vidisha","Vijayanagaram","Villupuram","Virudhunagar","Visakhapatnam","Warangal","Wardha","Wayanad","West District","West Garo Hills","West Godavari","West Jaintia Hills","Wokha","Yamuna Nagar","Yavatmal","Zunheboto","kapurthala"],["A lot","Aarni","Aatpadi","Abhanpur","Abohar","Abu Road","Achalda","Achalpur","Achampet","Acharapakkam","Achnera","Adampur","Adilabad","Adimali","Adoni","Agar","Agra","Aheri","Ahirora","Ahmedabad","Ahmedgarh","Ahmednagar","Ahmedpur","Ahwa-Dang","Ait","Ajaygarh","Ajitwal","Ajitwal (Chogawan)","Ajitwal (Dala)","Ajmer (Grain)","Ajmer(F&V)","Ajnala","Ajnala (Sudhar)","Ajuha","Akaltara","Akbarpur","Akhadabalapur","Akhnoor","Akkalkot","Akkalkuwa","Aklera","Akluj","Akodia","Akola","Akole","Akot","Alampur","Alangeyam","Alappuzha","Alibagh","Aliganj","Aligarh","Alipurduar","Alirajpur","Alirajpur(F&V)","Allahabad","Alur","Aluva","Alwar","Alwar(FV)","Amadula","Amalner","Amangal","Amarawati","Amargarh","Amarpatan","Amarwda","Ambad (Vadigodri)","Ambaha","Ambajipeta","Ambala Cantt.","Ambejaogai","Ambikapur","Amgaon","Amirgadh","Amloh","Ammoor","Amoda","Amreli","Amritsar","Amritsar(Amritsar Mewa Mandi)","Amroha","Anaimalai","Anajngaon","Anakapally","Anand","Anandapur","Anandnagar","Anantapur","Anchal","Andimadom","Angamaly","Angaura","Angul","Angul(Atthamallick)","Angul(Jarapada)","Anjad","Anjar","Ankleshwar","Annigeri","Annur","Anoop Shahar","Anoopgarh","Anta","Anthiyur","Anuppur","Anwala","Anyara(EEC)","Arakalgud","Aralamoodu","Arang","Arani","Arasikere","Ariyalur Market","Arjuni","Armoor","Armori","Armori(Desaiganj)","Aron","Aroor","Arvi","Asandh","Asansol","Ashahipora (Anantnagh)","Ashoknagar","Ashta","Ashti","Ashti(Karanja)","Asifabad","Atarra","Ateli","Athani","Athirampuzha","Atmakur","Atrauli","Atru","Atru(Kawai Salpura)","Attabira","Attari","Attili","Attingal","Attur","Aurad Shahajani","Auraiya","Aurangabad","Ausa","Avalpoonthurai","Avalurpet","Awagarh","Azadpur","Azamgarh","Babai","Babain","Baberu","Babhulgaon","Babra","Babrala","Bachaibari","Bachau","Bachranwa","Badamalhera","Badami","Badarwas","Badayoun","Badda","Badepalli","Badhni Kalan","Badnagar","Badnawar","Badnawar(F&V)","Badod","Badrisadri","Badwaha","Badwani","Bagalakot","Bagasara","Bagbahra","Bagepalli","Baghapurana","Baghry","Bagpat","Bagru","Bahadajholla","Bahadurgarh","Bahedi","Bahraich","Baikunthpur","Bailahongal","Bajju","Bakswaha","Baktara","Balachaur","Balaghat","Balapur","Balarampur","Balasinor","Ballabhgarh","Ballia","Balod","Balodabazar","Balotra","Balrampur","Balugaon","Balurghat","Balwadi","Bamora","Bampada","Banaganapalli","Banapura","Banda","Bandhabazar","Bandikui","Bandikui(Geejgarh)","Bandrol","Banga","Bangalore","Bangarmau","Bangarpet","Bankhedi","Banki","Bankura Sadar","Banmorkalan","Banswada","Banthara","Bantwala","Banur","Banur (Kheragaju)","Barabanki","Barad","Baradwar","Baramati","Baran","Barara","Barasat","Baraut","Bardewri","Bardoli(Katod)","Bardoli(Madhi)","Bareilly","Bareli","Bareta","Bargarh","Bargarh(Barapalli)","Barghat","Barhaj","Barikpur","Baripada","Bariwala","Bariya","Barmer","Barnala","Barpathari","Barshi","Barshi Takli","Baruch(Vagara)","Baruipur(Canning)","Baruwasagar","Barwala","Barwala(Hisar)","Basana","Basava Kalayana","Basmat","Basmat(Kurunda)","Bassi Pathana","Bastar","Basti","Batala","Bathinda","Batote","Baxirhat","Bayana","Bazar Atriya","Bazpur","Beawar","Becharaji","Beed","Begamganj","Begu","Belacoba","Belarbahara","Belargaon","Beldanga","Belgaum","Bellary","Belthangdi","Bemetara","Beohari","Berachha","Berasia","Bethuadahari","Betnoti","Betul","Bewar","Bhabhar","Bhadara","Bhadaur","Bhadaur(Sehna)","Bhadrachalam","Bhadrak","Bhadravathi","Bhadrawati","Bhadson","Bhagta Bhai Ka","Bhainsa","Bhaisma","Bhakhara","Bhalki","Bhandara","Bhander","Bhanjanagar","Bhanpura","Bhanupratappur","Bhanvad","Bharamgarh","Bharatpur","Bharatpur(Kumer)","Bharthna","Bharuasumerpur","Bharuch","Bharwari","Bhatapara","Bhatgaon","Bhattu Kalan","Bhavani","Bhavarpur","Bhavnagar","Bhawani Mandi","Bhawanigarh","Bhawanipatna","Bheemkhoj","Bheenmal(Ranlwada)","Bhehjoi","Bhensdehi","Bhesan","Bhikangaon","Bhikhi","Bhikhiwind","Bhikhiwind (Algo)","Bhikhiwind (Basarke)","Bhikhiwind(Khalra)","Bhiknoor","Bhiloda","Bhilwara","Bhimadole","Bhimavaram","Bhind","Bhinmal","Bhivandi","Bhiwani","Bhiwapur","Bhogpur","Bhokar","Bhokardan","Bhongir","Bhopal","Bhopal(F&V)","Bhopalpattnam","Bhor","Bhoring","Bhucho","Bhuj","Bhulath","Bhulath (Nadala)","Bhuntar","Bhurkoni","Bhusaval","Biaora","Bichhiya","Bichkunda","Bidar","Bijapur","Bijawar","Bijay Nagar","Bijnaur","Bijolia","Bikaner (Grain)","Bikaner(F&V)","Bilara","Bilaspur","Bilga","Bilga (Talwan )","Bilimora","Bilimora(Gandevi)","Billsadda","Bilsi","Bina","Binaganj","Bindki","Binny Mill (F&V) Bangalore","Biokhora","Birbhum","Birmaharajpur","Birra","Bishalgarh","Bishenpur","Bishnupur(Bankura)","Bishramganj","Boath","Bodeli","Bodeli(Hadod)","Bodeli(Kalediya)","Bodeli(Modasar)","Bodhan","Boha","Bohorihat","Bolangir","Bolpur","Bonai","Bongiagaon","Boothapadi","Boraee","Bori","Borsad","Botad","Botad(Haddad)","Boudh","Bowenpally","Boxonagar","Brahmpuri","Budalada","Budalur","Budhar","Buland Shahr","Buldhana","Buldhana(Dhad)","Bundi","Burdwan","Burgampadu","Burhanpur","Burhanpur(F&V)","Byadagi","Cachar","Car Nicobar","Ch. Dadri","Chaakghat","Chaandpur","Chabhal","Chail Chowk","Chakdah","Chaksu","Chakur","Chala","Chalakudy","Chalisgaon","Challakere","Chamaraj Nagar","Chamba","Chamkaur Sahib","Chamorshi","Champa","Champadanga","Champaknagar","Chanarthal","Chandabali","Chandausi","Chanderi","Chandoli","Chandrapur","Chandrapur(Ganjwad)","Chandur","Chandur Bazar","Chandur Railway","Chandur(Mungodu)","Chandvad","Channagiri","Channapatana","Channarayapatna","Charama","Charkhari","Charla","Charra","Chathanoor","Chatta Krushak Bazar","Chaurai","Chavakkad","Chavassery","Chechat","Cheeka","Chelakkara","Chengalpattu","Chengannur","Chengeri","Cherial","Cherthala","Chethupattu","Chevella","Cheyyar","Chhabra","Chhabra(Chhipabadod)","Chhachrauli","Chhapiheda","Chhatarpur","Chhati","Chhibramau(Kannuj)","Chhindwara","Chhindwara(F&V)","Chhpara","Chickkaballapura","Chikali","Chikhali","Chikkamagalore","Chikli(Khorgam)","Chimur","Chinnasalem","Chinnoar","Chintalapudi","Chintamani","Chirgaon","Chithode","Chitradurga","Chittapur","Chittoor","Chittorgarh","Chitwadagaon","Chityal","Chogawan","Chomu","Chomu(F&V)","Chopada","Choppadandi","Chorichora","Chotila","Choubepur","Chowmanu","Chuliaposi","Chura","Churu","Chutmalpur","Coimbatore","Coochbehar","Cuddalore","Cuddapah","DEI(Bundi)","Dabra","Dabwali","Dadengiri","Dadri","Dahod","Dahod(Veg. Market)","Dakala","Daloda","Dammapet","Damnagar","Damoh","Damoh(F&V)","Dankaur","Darjeeling","Daryapur","Dasada Patadi","Dasda","Dasuya","Dataganj","Datia","Dausa","Davangere","Davgadbaria(Piplod)","Deedwana","Deeg","Deesa","Deesa(Bhildi)","Degana","Dehgam","Dehgam(Rekhiyal)","Dehradoon","Denduluru","Deoli","Deori","Deoulgaon Raja","Dera Baba Nanak","Dera Bassi","Desur","Devala","Devandranagar","Devani","Devarakadra","Devarakonda","Devariya","Devarkonda(Dindi)","Devband","Devbhog","Devda","Devgadhbaria","Dewas","Dewas(F&V)","Dhadgaon","Dhamngaon-Railway","Dhamnod","Dhampur","Dhamtari","Dhanaula","Dhand","Dhandhuka","Dhanera","Dhanora","Dhanotu (Mandi)","Dhansura","Dhanula (Kaleke)","Dhanura","Dhar","Dhar(F&V)","Dharamkot","Dharampuri","Dharangaon","Dharapuram","Dhari","Dhari(Chalala)","Dhariwal","Dharmabad","Dharmapuri","Dharmaram","Dharni","Dharwar","Dhekiajuli","Dhenkanal","Dhilwan","Dhing","Dholka","Dholka(Koth)","Dholpur","Dhoraji","Dhrol","Dhule","Dhupguri","Dhuri","Dibiapur","Dibrugarh","Digapahandi","Digras","Dimapur","Dinanagar","Dindigul","Dindori","Dindori(Vani)","Ding","Dinhata","Dirba","Divai","Doddaballa Pur","Doharighat","Dondaicha","Dondi","Dondilohara","Dongargaon","Dongargarh","Doraha","Doranpal","Dound","Dubbak","Dudhani","Dudhansadhan","Dudhawa","Dudhi","Duggirala","Dumal","Dungurapalli","Durg","Durgapur","Egra/contai","Elevancheri","Ellanabad","Elumathur","Eluru","English Bazar","Enkoor","Ernakulam","Erode","Etah","Etawah","Ettumanoor","Ezhamkulam","F.G.Churian","Faizabad","Falakata","Faridabad","Faridkot","Farukh Nagar","Farukhabad","Fatehabad","Fatehnagar","Fatehpur","Fatehpur Sikri","Fazilka","Fazilka (Ladhuka)","Ferozepur Cantt.","Firozabad","Firozepur City","Flower MarketGazipur","Fruit Market","Fulmbri","Gadag","Gadarpur","Gadarwada","Gadaura","Gaddiannaram","Gadhinglaj","Gadhwah","Gadwal","Gadwal(Lezza)","Gairatganj","Gajol","Gajsinghpur","Gajwel","Ganaur","Gandacharra","Gandai","Gandchiroli","Ganderbal","Gandhari","Gandhwani","Gangadhara","Gangakhed","Gangapur","Gangapur City","Gangavalli","Gangavathi","Gangoh","Ganjbasoda","Ganjdudwara","Garbeta(Medinipur)","Garh Shankar","Garh Shankar(Mahalpur)","Garhakota","Gariyaband","Garjee","Garoth","Gattasilli","Gauripur","Gautampura","Gazipur","Gevrai","Ghanaur","Ghanpur","Ghansawangi","Ghansour","Gharaunda","Gharghoda","Gharsana","Ghatal","Ghatanji","Ghathashi","Ghaziabad","Ghiraur","Ghoti","Gidam","Giddarbaha","Gingee","Giridih","Goalpara","Gobichettipalayam","Godabhaga","Godhra","Godhra(Kakanpur)","Godhra(Timbaroad)","Gogamba","Gogamba(Similiya)","Gohad","Gohana","Gokak","Golaghat","Golagokarnath","Gollapally","Goluwala","Gonda","Gondal","Gondal(Veg.market Gondal)","Gondiya","Gondpimpri","Goniana","Gonikappal","Gooti","Gopa","Gopalpatti","Gopalraopet","Gopiganj","Gorakhpur","Goraya","Goregaon","Gotegaon","Gowribidanoor","Gubbi","Gudimalkapur","Gudiyatham","Gulabganj","Gulavati","Gulbarga","Guna","Guna(F&V)","Gundlupet","Gunpur","Guntakal","Guntur","Gurdaspur","Gurgaon","Guru Har Sahai","Gurur","Gurusarai","Guskara(Burdwan)","H.B. Halli","Haathras","Haatpipliya","Habra","Hadgaon","Hadgaon(Tamsa)","Hailakandi","Halahali","Haldaur","Haldibari","Haldwani","Halia","Haliyala","Halvad","Hamirpur","Hamirpur(Nadaun)","Hanagal","Hanumana","Hanumangarh","Hanumangarh Town","Hanumangarh(Urlivas)","Hapur","Harappana Halli","Harda","Harda(F&V)","Hardoi","Hargaon (Laharpur)","Haridwar Union","Harihara","Harij","Harike","Harippad","Harpalpur","Harsood","Hasanpur","Hata","Hathur","Haveri","Himalyatnagar","Himatnagar","Hindol","Hindoun","Hindupur","Hinganghat","Hingna","Hingoli","Hingoli(Kanegoan Naka)","Hinjilicut","Hirekerur","Hiriyur","Hissar","Holalkere","Holenarsipura","Honnali","Hoovinahadagali","Hosadurga","Hosanagar","Hoshangabad","Hoshiarpur","Hoskote","Hospet","Howly","Hubli (Amaragol)","Huliyar","Hungund","Hunsur","Huzurnagar","Huzzurabad","Iamailabad","Ibrahimpatnam","Ibrahimputnam","Ichhawar","Imphal","Indapur","Indore","Indore(F&V)","Indravelly(Utnoor)","Indri","Indus(Bankura Sadar)","Irikkur","Irinjalakkuda","Irityy","Isagarh","Islampur","Itarsi","Itawa","Jabalpur","Jabalpur(F&V)","Jafarganj","Jafrabad","Jagadhri","Jagalur","Jagatsinghpur","Jagdalpur","Jaggampet","Jagnair","Jagraon","Jagtial","Jahanabad","Jahangirabad","Jaijaipur","Jainath","Jaipur (Grain)","Jaipur(Bassi)","Jaipur(F&V)","Jairamnagar","Jaisalmer","Jaisinagar","Jaitgiri","Jaithari","Jaitsar","Jaitu","Jaitu(Bajakhana)","Jajpur","Jakhal","Jalalabad","Jalana","Jalandhar Cantt.","Jalandhar City","Jalandhar City(Jalandhar)","Jalaun","Jaleswar","Jalgaon","Jalgaon Jamod(Aasalgaon)","Jalgaon(Masawat)","Jalkot","Jalna(Badnapur)","Jalore","Jalpaiguri Sadar","Jalukie","Jamanian","Jambusar","Jambusar(Kaavi)","Jamkandorna","Jamkhed","Jammikunta","Jamnagar","Jamner","Jamner(Neri)","Jangaon","Jangipur","Jangipura","Jaora","Jarar","Jasdan","Jaspur","Jaspur(UC)","Jasra","Jasvantnagar","Jatara","Jaunpur","Javad","Javer","Javera","Jawala-Bajar","Jawar","Jayamkondam","Jayas","Jeerapur","Jetpur(Dist.Rajkot)","Jetpur-Pavi","Jeypore","Jeypore(Kotpad)","Jhabua","Jhajjar","Jhalap","Jhalarapatan","Jhalod","Jhansi","Jhargram","Jharsuguda","Jhijhank","Jhumpura","Jhunjhunu","Jiaganj","Jind","Jintur","Jintur(Bori)","Jobat","Jodhpur(F&V)(Bhadwasia)","Jodhpur(F&V)(Paota)","Jogipet","Jora","Jorhat","Jowai","Jullana","Jumpuijala","Junagadh","Junagarh","Jundla","Junnar","Junnar(Alephata)","Junnar(Narayangaon)","Junnar(Otur)","K.Mandvi","K.R. Pet","K.R.Nagar","Kada","Kadamtala","Kadaura","Kadhle","Kadi","Kadur","Kahnuwan","Kaij","Kailaras","Kairana","Kaithal","Kakni","Kalagategi","Kalamb","Kalamb(Osmanabad)","Kalamnuri","Kalanaur","Kalapipal","Kalavai","Kalawad","Kaliaganj","Kalikiri","Kalimpong","Kalipur","Kaliyanchanda","Kallachi","Kallakurichi","Kallur","Kalmeshwar","Kalna","Kalol","Kalpetta","Kalpi","Kalsi","Kalvan","Kalwakurthy","Kalyan","Kalyani","Kalyanpur","Kama","Kamakhyanagar","Kamalghat","Kamareddy","Kamlaganj","Kammarpally","Kamthi","Kamuthi","Kanakapura","Kanchipuram","Kandi","Kangeyam","Kangra","Kangra(Baijnath)","Kangra(Jaisinghpur)","Kangra(Jassour)","Kangra(Nagrota Bagwan)","Kanjangadu","Kanjirappally","Kanker","Kannad","Kannauj","Kannod","Kannur","Kanpur(Grain)","Kantabaji","Kapadvanj","Kapasan","Kapurthala","Karad","Karaikal","Karaikudi","Karamadai","Karanja","Karanjia","Karatgi","Kareli","Karera","Karhi","Karimganj","Karimnagar","Karimpur","Karjan","Karjat","Karjat(Raigad)","Karkala","Karmala","Karnailganj","Karpawand","Karsiyang(Matigara)","Karumanturai","Karvi","Karwar","Kasargod","Kasdol","Kasganj","Kashipur","Kasimbazar","Kasinagar","Kasipur","Kasrawad","Katangi","Kataram","Katghora","Kathalapur","Kathua","Katni","Katol","Katra","Kattakada","Kattappana","Katwa","Kaveripakkam","Kavunthapadi","Kawardha","Kayamganj","Kayamkulam","Keezhampara","Kekri","Kendrapara","Kendupatna","Kendupatna(Niali)","Keolari","Keonjhar","Keonjhar(Dhekikote)","Kesamudram","Kesarisinghpur","Keshkal","Keshopur","Keshoraipatan","Kesinga","Kesli","Khachrod","Khadur Sahib","Khaga","Khair","Khairagarh","Khairlangi","Khairthal","Khajuwala","Khalilabad","Khamano","Khambha","Khamgaon","Khammam","Khanapur","Khanauri","Khandwa","Khandwa(F&V)","Khaniadhana","Khanna","Khanpur","Kharar","Khargapur","Khargone","Khariar","Khariar Road","Kharora","Kharsiya","Kharupetia","Khatauli","Khateema","Khategaon","Khatora","Khatra","Khed","Khed(Chakan)","Khedbrahma","Khedh(Bodaramev)","Khedli(laxmangarh)","Khekda","Khem karan","Khemkaran (Amarkot)","Kheragarh","Kherli","Khetia","Khilchipur","Khirakiya","Khliehriat","Khujner","Khunthabandha","Khurai","Khurja","Kianthukadavu","Kicchha","Kila Raipur","Kille Dharur","Kilpennathur","Kilvelur","Kinwat","Kipheri","Kiratpur","Kishangarh Renwal","Kishunpur","Kodad","Kodakandal","Koderma","Kodumudi","Kodungalloor","Koduvayoor","Kohima","Kolaghat","Kolar","Kolaras","Kolathur","Kolhapur","Kolhapur(Malkapur)","Kollam","Kollegal","Kollengode","Komakhan","Konch","Kondagoan","Kondotty","Konganapuram","Konta","Koovapadi","Kopaganj","Kopargaon","Koppa","Koppal","Koradacheri","Koraput","Koraput(Semilguda)","Korar","Koratla","Korpana","Kosamba","Kosamba(Vankal)","Kosamba(Zangvav)","Kosikalan","Kot ise Khan","Kota","Kota (FV)","Kotadwara","Kotba","Kothagudem","Kothamangalam","Kotkapura","Kotma","Kotmi","Kotputli","Kottakkal","Kottarakkara","Kottayam","Kottur","Kovvur","Krosuru","Kuber","Kuchaman City","Kuchinda","Kudavasal","Kudchi","Kukanar","Kukshi","Kulai","Kulgam","Kullu","Kullu(Chauri Bihal)","Kullu(Patli Kuhal)","Kumbakonam","Kumbhraj","Kumta","Kundapura","Kunigal","Kunjpura","Kunkuri","Kunnathukkal","Kunnathur","Kuppam","Kurali","Kurara","Kurawar","Kurdwadi","Kurdwadi(Modnimb)","Kurinchipadi","Kurnool","Kurud","Kuruppanthura","Kushtholy","Kusmee","Kustagi","Kuthuparambu","Kuttoor","Kuttulam","L B Nagar","Ladwa","Lahar","Lakhandur","Lakhani","Lakhanpuri","Lakhimpur","Lakhnadon","Lakshar","Lalbagh","Lalganj","Lalgarh Jatan","Lalgudi","Lalitpur","Lalru","Lalsot","Lalsot(Mandabari)","Lamlong Bazaar","Lasalgaon","Lasalgaon(Niphad)","Lasalgaon(Vinchur)","Lashkar","Lashkar(F&V)","Laskein","Lasur Station","Lateri","Latur","Latur(Murud)","Laxettipet","Laxmeshwar","Lehra Gaga","Limdi","Limkheda","Lingasugur","Loha","Lohandiguda","Loharda","Lohardaga","Loharu","Lohian Khas","Lonand","Lonar","Longleng","Lormi","Lucknow","Ludhiana","Lunkaransar","Maanachar","Machalpur","Madagadipet","Madanapalli","Madathukulam","Maddur","Madhavapuram","Madhira","Madhoganj","Madhogarh","Madhugiri","Madikeri","Madlauda","Maduranthagam","Magroni","Mahabubabad","Mahagaon","Maharajganj","Mahasamund","Mahboob Manison","Mahbubnagar","Mahidpur","Mahoba","Maholi","Mahur","Mahuva","Mahuva(Station Road)","Mahuwa Mandawar","Maigalganj","Mailaduthurai","Mainpuri","Majalgaon","Majitha","Makdi","Makhu","Maksi","Maksudangarh","Makthal","Malegaon","Malegaon(Umarane)","Malegaon(Vashim)","Malerkotla","Malkanagiri","Malkapur","Mallanwala","Mallial(Cheppial)","Malout","Malout (Kilianwali)","Malout (Panniwala)","Malpura","Malthone","Malur","Mamdot","Mamdot(Tibbi Khurd)","Manalurpet","Manasa","Manathavady","Manavdar","Manawar","Mancharial","Mandal","Mandalgarh","Mandhal","Mandi(Mandi)","Mandi(Takoli)","Mandla","Mandsaur","Mandsaur(F&V)","Mandvi","Mandya","Manendragarh","Mangal Wedha","Mangalore","Mangaon","Mangkolemba","Manglaur","Mangrol","Mangrulpeer","Manjeri","Manjeswaram","Manmad","Mannar","Mannargudi","Manora","Mansa","Mansa (Bhamekalan)","Mansa (Khiala kalan)","Mantha","Manthani","Manubazar","Manvi","Manwat","Mapusa","Maranelloor","Margao","Masli","Matar","Matar(Limbasi)","Mathabhanga","Mathania","Mathura","Mau","Mau(Chitrakut)","Maudaha","Maur","Mauranipur","Mawana","Mazhuvannur","Mechua","Medchal","Medinipur(West)","Medipally","Meerut","Meghraj","Mehal Kalan","Meham","Mehatpur","Mehekar","Mehgaon","Mehmadabad","Mehmoodabad","Mehrauni","Mehsana","Mehsana(Jornang)","Mehsana(Mehsana Veg)","Mehta","Mekhliganj","Melaghar","Melur","Memari","Merta City","Metpally","Mhalingapur","Mhow","Mihipurwa","Milak","Miryalaguda","Mirzapur","Misrikh","Modasa","Modasa(Tintoi)","Moga","Mohamadabad","Mohammdi","Mohanpur","Mohgaon","Mohindergarh","Mohol","Momanbadodiya","Moodigere","Moolanur","Moonak","Moovattupuzha","Morbi","Moreh","Morena","Morena(F&V)","Morinda","Morshi","Morva Hafad","Moth","Mottagaon","Mow","Moynaguri","Mudkhed","Mugrabaadshahpur","Mukerian","Mukerian(Talwara)","Mukhed","Mukkom","Muktsar","Mul","Mulabagilu","Mulakalacheruvu","Muli","Mullana","Mullana(saha)","Mullanpur","Multai","Mulugu","Mumbai","Mundaragi","Mundgod","Mungawali","Munguli","Munnar","Muradabad","Muradnagar","Murbad","Murim","Murtizapur","Murud","Muskara","Mustafabad","Muthur","Muzzafarnagar","Mysore (Bandipalya)","Naanpara","Nabha","Nadia","Nadiyad(Chaklasi)","Nadiyad(Piplag)","Nadwai","Nagamangala","Nagapattinam","Nagar","Nagari","Nagarkurnool","Nagbhid","Nagda","Nagina","Nagod","Nagpur","Nahan","Naigaon","Naila","Nainpur","Najibabad","Nakodar","Nakodar(Sarih)","Nakrekal","Nakud","Nalbari","Nalgonda","Nalkehda","Namagiripettai","Namakkal","Nampur","Nanakmatta","Nandgaon","Nandura","Nandurbar","Nandyal","Nanggaon","Nanjangud","Nanuta","Naraingarh","Narayankhed","Narayanpet","Narayanpur","Narela","Nargunda","Narharpur","Narnaund","Narsampet","Narsapuram","Narsinghgarh","Narsinghpur","Narsingi","Narwal Jammu (F&V)","Narwana","Nasik","Nasrullaganj","Nasvadi","Nasvadi(Thalkala)","Natham","Naugaon","Naugarh","Naushera Pannuan","Nautnava","Navapara","Navapur","Nawabganj","Nawalgarh","Nawan Shahar(Subzi Mandi)","Nawanshahar","Nawarangpur","Nedumangadu","Nedumkandam","Neeleswaram","Neem Ka Thana","Neemuch","Negamam","Nelakondapally","Neora","Ner Parasopant","Neredcherla","New Grain Market  Rohtak","New Market Aizawl","Newasa","Newasa(Ghodegaon)","Neyyatinkara","Nihal Singh Wala","Nilagiri","Nilanga","Nilokheri","Nimapara","Nimbahera","Nippani","Nira","Nirmal","Nissing","Niuland","Niwadi","Niwai","Nizamabad","Nizar","Noida","Nokha","Nongpoh (R-Bhoi)","Noor Mehal","North Lakhimpur","Nowpora","Nutanbazar","Obedullaganj","Oddunchairum","Omalloor","Omalur","Orai","Orathanadu","Osmanabad","Paatan","Pabiacherra","Pachaur","Pachora","Pachora(Bhadgaon)","Padampur","Padra","Paithan","Pakala","Pakhanjur","Pala","Palakkad","Palakode","Palakole","Palam","Palamaner","Palampur","Palani","Palanpur","Palari","Palayam","Palera","Palghar","Pali","Paliakala","Palitana","Pallahara","Pallipattu","Palthan","Palus","Palwal","Pamohi(Garchuk)","Pampady","Panchkul(Kalka)","Panchpedwa","Pandalam","Pandariya","Pandavapura","Pandhakawada","Pandhana","Pandhana(F&V)","Pandharpur","Pandhurna","Pandkital","Pandua","Panichowki","Panipat","Panisagar","Panna","Panposh","Panruti","Panthawada","Panvel","Paonta Sahib","Papanasam","Pappireddipatti","Parakkodu","Parali Vaijyanath","Paranda","Parappanangadi","Parassala","Parbhani","Pargi","Parikshitgarh","Parimpore","Pariyaram","Parkal","Parlakhemundi","Parner","Parshiwani","Partaval","Partur","Patan","Pataudi","Pathalgaon","Pathankot","Pathardi","Pathari","Patharia","Patiala","Patran","Patran(Ghagga Mandi)","Pattambi","Pattamundai","Patti","Pattikonda","Patur","Pavagada","Pavani","Pawai","Payagpur","Payyannur","Pazhayannur","Peddapalli","Peddapuram","Pehowa","Pen","Pendraroad","Penugonda","Perambra","Perinthalmanna","Pernem","Perumbavoor","Perundurai","Pethappampatti","Petlawad","Pfatsero","Phagwara","Pharasgaon","Phek","Phillaur","Phillaur(Apra Mandi)","Pichhour","Piler","Pilibhit","Pilli Banga","Pillukhera","Pimpalgaon","Pipar City","Pipariya","Pipli","Piplya","Piprai","Pipriya","Piravam","Pirda","Piriya Pattana","Pithoura","Pitlam","Pohari","Polavaram","Pollachi","Pombhurni","Ponda","Pongalur","Poonthottam","Porbandar","Porsa","Porsa(F&V)","Pothencode","Pothgal","Praswada","Pratapgarh","Pratappur","Prithvipur","Pudupalayam","Pudur","Pukhrayan","Pulgaon","Pulpally","Pulwama (F&V)","Punalur","Punchaipuliyampatti","Pundibari","Pune","Pune(Hadapsar)","Pune(Khadiki)","Pune(Manjri)","Pune(Moshi)","Pune(Pimpri)","Punganur","Punhana","Puramattom","Puranpur","Purna","Purulia","Purwa","Puttur","Puwaha","Quadian","Quilandy","Raath","Radaur","Radhanpur","Raghogarh","Raghunathpur","Rahata","Rahatgarh","Rahuri","Rahuri(Vambori)","Raibareilly","Raichur","Raiganj","Raigarh","Raikot","Raipur","Raipur Rai","Raisen","Raisingh Nagar","Rajahmundry","Rajapalayam","Rajasamand","Rajasingamangalam","Rajgarh","Rajim","Rajkot","Rajkot(Ghee Peeth)","Rajnagar","Rajnandgaon","Rajouri (F&V)","Rajpipla","Rajpur","Rajpura","Rajula","Rajura","Ralegaon","Ramaganj Mandi","Raman","Ramanagara","Ramannapet","Ramanujganj","Ramdurga","Ramnagar","Rampur","Rampura Phul","Rampuraphul(Chowke)","Rampuraphul(Dhapali)","Rampuraphul(Mehraj)","Rampuraphul(Nabha Mandi)","Rampurhat","Rampurmaniharan","Ramtek","Ranaghat","Ranebennur","Rani","Rania","Ranniangadi","Rapar","Rasda","Rasipuram","Ratanpur","Ratia","Ratlam","Ratlam(F&V)","Ratnagiri (Nachane)","Raver","Ravulapelem","Rawatsar","Rawla","Rayagada","Rayagada(Muniguda)","Rayya","Rayya(Sathiala)","Reasi","Rehati","Rehli","Rewa","Rewari","Richha","Ridmalsar","Rishikesh","Risia","Risod","Robertsganj","Roha","Rohroo","Rompicherla","Rona","Rongram","Roorkee","Ropar","Rudauli","Rudrapur","Ruperdeeha","Rura","S.Mandvi","Sabalgarh","Sadasivpet","Sadhaura","Sadiq","Sadulpur","Sadulshahar","Safdarganj","Safidon","Sagar","Sagar(F&V)","Saharanpur","Saharpada","Sahidngar","Sahiyapur","Sahnewal","Saidpur","Sailana","Sainthia","Saja","Sakaleshpura","Sakhigopal","Sakra","Sakri","Salem","Salon","Samalkha","Samana","Samana(Gajewas)","Samana(Kakrala)","Samba","Sambalpur","Sambhal","Sami","Sampara","Sampla","Samrala","Samsabad","Samsi","Samudrapur","Sanad","Sanawad","Sanchor","Sandi","Sandila","Sangamner","Sangarapuram","Sangareddy","Sangat","Sangli","Sangli(Miraj)","Sangli(Phale Bhajipura Market)","Sangola","Sangriya","Sangrur","Sankeshwar","Sanquelim","Santhesargur","Santir Bazar","Santoshgarh","Sanwer","Sarangapur","Sarangarh","Sarangpur","Sarankul","Saraskana","Sarayapali","Sardarnagar","Sardhana","Sardulgarh","Sargaon","Sargipali","Sarona","Sarsiwan","Sasthamkotta","Satana","Satara","Sathur","Sathyamangalam","Satna","Satna(F&V)","Sattupalli","Saunsar","Savali","Savanur","Savarkundla","Savli","Savner","Sawai Madhopur","Sealdah Koley Market","Segaon","Sehjanwa","Sehore","Selu","Sembanarkoil","Semriharchand","Sendhwa","Sengoan","Senjeri","Seoni","Sevda","Sevur","Shadabad","Shadnagar","Shadora","Shahabad","Shahabad(New Mandi)","Shahada","Shahagarh","Shahaswan","Shahdara","Shahdol","Shahganj","Shahjahanpur","Shahkot","Shahpur","Shahpura","Shahpura(Jabalpur)","Shahzadpur","Shajapur","Shajapur(F&V)","Shakot (Malsian)","Shakti","Shamgarh","Shamgarh(F&V)","Shamli","Shamshabad","Shankarapally","Shegaon","Sheopurbadod","Sheopurkalan","Sheoraphuly","Sherpur","Shevgaon","Shevgaon(Bodhegaon)","Shiggauv","Shikaripura","Shikohabad","Shillong","Shimla","Shimla and Kinnaur(Nerwa)","Shimoga","Shirpur","Shirur","Shivpuri","Shivpuri(F&V)","Shivrinarayanpur","Shopian","Shorapur","Shrigonda(Gogargaon)","Shrimushnam","Shrirampur","Shrirampur(Belapur)","Shujalpur","Shyampur","Siddapur","Siddhpur","Siddipet","Sidhi","Sidhwan Bet","Sihora","Sikanderabad","Sikandraraau","Sikar","Sikarpur","Silachhari","Siliguri","Sillod","Silvani","Simariya","Sindagi","Sindevahi","Sindhanur","Sindholi","Sindi","Sindi(Selu)","Sindkhed Raja","Singampuneri","Singroli","Sinner","Sira","Sircilla","Sirhind","Sirkali","Siroli","Sironcha","Sironj","Sirsa","Sirsaganj","Sirsi","Sitapur","Sitarganj","Sitmau","Sivagangai","Sivagiri","Siwan","Siwani","Siyana","Soharatgarh","Sohela","Sohna","Sohra","Sojat City","Sojat Road","Solan","Solan(Nalagarh)","Solan(Rajgarh)","Solapur","Somvarpet","Sonamura","Sonepat","Songadh","Songadh(Umrada)","Sonkatch","Sonpeth","Sorabha","Soundati","Soyatkalan","Sri Har Gobindpur","Sri Madhopur","Sri Vijayanagar","Sridungargarh","Sriganganagar","Sriganganagar(F&V)","Srikalahasti","Srinivasapur","Srirampur","Srirangapattana","Sujangarh(Churu)","Sukma","Sulargharat","Sultan bathery","Sultanabad","Sultanpur","Sultanpurchilkana","Sulya","Sumerganj","Sumerpur","Sunam","Sunguvarchatram","Surajgarh","Surajpur","Surat","Suratgarh","Suryapeta","Susner","Suthalia","Suvasra","Syopurkalan(F&V)","T. Narasipura","Taal","Tadepalligudem","Tadkalas","Takhatpur","Talalagir","Talcher","Taliparamba","Talod","Talod(Harsol)","Taloda","Talwandi Bhai","Talwandi Sabo","Tamkuhi Road","Tamluk (Medinipur E)","Tanakpur","Tanda","Tanda Urmur","Tanda(Rampur)","Tanduru","Tanuku","Tapa(Sadar Bazar)","Tapa(Tapa Mandi)","Tarana","Tarantaran","Tarapur","Tarikere","Tarori","Tasgaon","Taura","Telhara","Teliamura","Tenali","Tendukheda","Tendukona","Tenning","Thalaivasal","Thalasserry","Thalavadi","Thalayolaparambu","Thamarassery","Thammampati","Thanabhawan","Thandla","Thanesar","Thanjavur","Thara","Thara(Shihori)","Tharad","Tharad(Rah)","Thasara","Thasara(Dokar)","Thattanchavady","Theni","Thirthahalli","Thirukovilur","Thirupoondi","Thiruppananthal","Thiruppur","Thirurrangadi","Thiruvannamalai","Thiruvarur","Thiryagadurgam","Thodupuzha","Thondamuthur","Thoubal","Thrippunithura","Thrissur","Tikabali","Tikamgarh","Tikonia","Tilhar","Timarni","Tindivanam","Tiphra","Tiptur","Tiroda","Tiruchengode","Tirumalagiri","Tirupati","Tiruthuraipoondi","Tiruvennainallur","Tokapal","Tonk","Toofanganj","Tosham","Tral","Tseminyu","Tuensang","Tuljapur","Tulsipur","Tumkur","Tumsar","Tundla","Tura","Turvekere","Tusura","Uchana","Uchhal","Udaipur","Udaipur(F&V)","Udaipura","Udala","Udaypur","Udgir","Udgir(Devanibud)","Udhampur","Udumalpet","Udupi","Ujhani","Ujjain","Ujjain(F&V)","Ulhasnagar","Uluberia","Ulundurpettai","Umared","Umarga","Umari","Umariya","Umarked(Danki)","Umarkhed","Umrane","Umreth","Una","Unava","Unhel","Uniyara","Unjha","Unnao","Upleta","Usilampatty","Uthangarai","Uthiramerur","Utraula","Uttaripura","Vadakkenchery","Vadali","Vadgam","Vadgaonpeth","Vadhvan","Vadodara","Vadodara(Navapura)","Vadodara(Sayajipura)","Vaduj","Vaduvur","Vadvani","Vagodiya","Vai","Vaijpur","Valangaiman","Valathi","Valia","Vallam","Valod(Buhari)","Valpol","Valsad","Vamanapuram","Vandavasi","Vandiperiyar","Vani","Vankaner","Vankaner(Sub yard)","Vansda","Vansda(Limzar)","Varanasi(F&V)","Varanasi(Grain)","Varaseoni","Varipaal","Varni","Varora","Vasai","Vashi New Mumbai","Vav","Vayalapadu","Vazhapadi","Vedachandur","Vedaranyam","Vellakkoil","Vellore","Velur","Vemulawada","Vengeri(Kozhikode)","Venkateswarnagar","Vessue","Vettavalam","Vidisha","Vijapur","Vijapur(Gojjariya)","Vijapur(Kukarvada)","Vijapur(Ladol)","Vijapur(veg)","Vijayanagaram","Vijaypur","Vikarabad","Vikasnagar","Vikkiravandi","Vilaspur","Villupuram","Vilthararoad","Virudhachalam","Virudhunagar","Visavadar","Vishalpur","Vishrampur","Visnagar","Visoli","Viswan","Vita","Vithinasserri","Voligonda","Vyara(Paati)","Vyra","Wadakkanchery","Wanaparthy Road","Wanaparthy town","Wansi","Warangal","Wardha","Washim","Washim(Ansing)","Wazirganj","Wokha Town","Wyra","Yadgir","Yalburga","Yamuna Nagar","Yawal","Yellandu","Yellapur","Yellareddy","Yeola","Yeotmal","Yusufpur","Zaheerabad","Zaloosa-Chararishrief (F&V)","ZariZamini","Zira","Zunheboto","kalanwali","vadakarapathy"],null],"cross_validation_models":null,"cross_validation_predictions":null,"cross_validation_holdout_predictions_frame_id":null,"cross_validation_fold_assignment_frame_id":null,"model_category":"Regression","model_summary":{"__meta":{"schema_version":3,"schema_name":"TwoDimTableV3","schema_type":"TwoDimTable"},"name":"Model Summary","description":"","columns":[{"__meta":{"schema_version":-1,"schema_name":"ColumnSpecsBase","schema_type":"Iced"},"name":"","type":"string","format":"%s","description":""},{"__meta":{"schema_version":-1,"schema_name":"ColumnSpecsBase","schema_type":"Iced"},"name":"number_of_trees","type":"long","format":"%d","description":"Number of Trees"},{"__meta":{"schema_version":-1,"schema_name":"ColumnSpecsBase","schema_type":"Iced"},"name":"number_of_internal_trees","type":"long","format":"%d","description":"Number of Internal Trees"},{"__meta":{"schema_version":-1,"schema_name":"ColumnSpecsBase","schema_type":"Iced"},"name":"model_size_in_bytes","type":"long","format":"%d","description":"Model Size in Bytes"},{"__meta":{"schema_version":-1,"schema_name":"ColumnSpecsBase","schema_type":"Iced"},"name":"min_depth","type":"long","format":"%d","description":"Min. Depth"},{"__meta":{"schema_version":-1,"schema_name":"ColumnSpecsBase","schema_type":"Iced"},"name":"max_depth","type":"long","format":"%d","description":"Max. Depth"},{"__meta":{"schema_version":-1,"schema_name":"ColumnSpecsBase","schema_type":"Iced"},"name":"mean_depth","type":"double","format":"%.5f","description":"Mean Depth"},{"__meta":{"schema_version":-1,"schema_name":"ColumnSpecsBase","schema_type":"Iced"},"name":"min_leaves","type":"long","format":"%d","description":"Min. Leaves"},{"__meta":{"schema_version":-1,"schema_name":"ColumnSpecsBase","schema_type":"Iced"},"name":"max_leaves","type":"long","format":"%d","description":"Max. Leaves"},{"__meta":{"schema_version":-1,"schema_name":"ColumnSpecsBase","schema_type":"Iced"},"name":"mean_leaves","type":"double","format":"%.5f","description":"Mean Leaves"}],"rowcount":1,"data":[[""],[75],[75],[569325],[0],[10],[9.133333],[1],[281],[146.02667]]},"scoring_history":{"__meta":{"schema_version":3,"schema_name":"TwoDimTableV3","schema_type":"TwoDimTable"},"name":"Scoring History","description":"","columns":[{"__meta":{"schema_version":-1,"schema_name":"ColumnSpecsBase","schema_type":"Iced"},"name":"","type":"string","format":"%s","description":""},{"__meta":{"schema_version":-1,"schema_name":"ColumnSpecsBase","schema_type":"Iced"},"name":"timestamp","type":"string","format":"%s","description":"Timestamp"},{"__meta":{"schema_version":-1,"schema_name":"ColumnSpecsBase","schema_type":"Iced"},"name":"duration","type":"string","format":"%s","description":"Duration"},{"__meta":{"schema_version":-1,"schema_name":"ColumnSpecsBase","schema_type":"Iced"},"name":"number_of_trees","type":"long","format":"%d","description":"Number of Trees"},{"__meta":{"schema_version":-1,"schema_name":"ColumnSpecsBase","schema_type":"Iced"},"name":"training_rmse","type":"double","format":"%.5f","description":"Training RMSE"},{"__meta":{"schema_version":-1,"schema_name":"ColumnSpecsBase","schema_type":"Iced"},"name":"training_mae","type":"double","format":"%.5f","description":"Training MAE"},{"__meta":{"schema_version":-1,"schema_name":"ColumnSpecsBase","schema_type":"Iced"},"name":"training_deviance","type":"double","format":"%.5f","description":"Training Deviance"},{"__meta":{"schema_version":-1,"schema_name":"ColumnSpecsBase","schema_type":"Iced"},"name":"validation_rmse","type":"double","format":"%.5f","description":"Validation RMSE"},{"__meta":{"schema_version":-1,"schema_name":"ColumnSpecsBase","schema_type":"Iced"},"name":"validation_mae","type":"double","format":"%.5f","description":"Validation MAE"},{"__meta":{"schema_version":-1,"schema_name":"ColumnSpecsBase","schema_type":"Iced"},"name":"validation_deviance","type":"double","format":"%.5f","description":"Validation Deviance"}],"rowcount":16,"data":[["","","","","","","","","","","","","","","",""],["2023-03-18 15:51:39","2023-03-18 15:51:39","2023-03-18 15:51:40","2023-03-18 15:51:41","2023-03-18 15:51:41","2023-03-18 15:51:42","2023-03-18 15:51:42","2023-03-18 15:51:43","2023-03-18 15:51:43","2023-03-18 15:51:44","2023-03-18 15:51:44","2023-03-18 15:51:45","2023-03-18 15:51:45","2023-03-18 15:51:46","2023-03-18 15:51:46","2023-03-18 15:51:46"],[" 0.001 sec"," 0.515 sec"," 1.062 sec"," 1.608 sec"," 2.119 sec"," 2.671 sec"," 3.175 sec"," 3.687 sec"," 4.226 sec"," 4.721 sec"," 5.237 sec"," 5.741 sec"," 6.250 sec"," 6.751 sec"," 6.980 sec"," 7.312 sec"],[0,5,10,15,20,25,30,35,40,45,50,55,60,65,70,75],[1628.4417619603623,1099.3511849069187,800.9387567218068,684.8065520533863,589.8860145468597,550.5885966035124,530.2630672546305,514.6074824274327,509.3022820080076,505.4757588007111,503.5408917874242,501.1294652511294,499.9471823490984,499.0352738185846,498.8007538232778,498.3086734532304],[217.3656069450621,159.38281354849033,123.84081207091516,108.34809149150347,93.61549931172381,86.3522988222568,82.2466397874662,78.16818577099612,76.51915461756735,75.27427192494793,74.58524324838457,73.49895613906894,73.02634700603498,72.54338646918325,72.42759494608248,72.26340076402803],[2651822.572096569,1208573.0277562463,641502.8920190737,468960.01373524725,347965.5101579779,303147.8027098253,281178.92049428885,264820.86097030045,259388.8144585641,255505.7427351547,253553.42970207444,251130.74094288287,249947.18513880263,249036.20451518972,248802.19201467017,248311.53403871824],[1596.0801097246074,1076.113032618617,789.6743390505342,684.7763828693534,599.856962127207,567.0194499655342,550.9926745627841,539.5758598477868,536.6444223477503,534.0678923612303,532.7782572585103,532.1501475814217,531.1400142339322,532.1651727151982,532.1186828009314,531.3063643747474],[215.6470040231593,158.18717566043318,123.43504251624776,108.62904303387917,94.25612536952382,87.32894714487078,83.48301613620546,79.7274804799187,78.27488761963541,77.14064791747877,76.51348007389001,75.59088275210394,75.192452630521,74.79069144907069,74.68238067170373,74.50698394679777],[2547471.716658515,1158019.2589716366,623585.5617548979,468918.6945356353,359828.37501248147,321511.05663921696,303592.92742185015,291142.10853047844,287987.23603695055,285228.51365116664,283852.67140741536,283183.77957092895,282109.71472042176,283199.77105099673,283150.2925857983,282286.45282511186]]},"cv_scoring_history":null,"reproducibility_information_table":[{"__meta":{"schema_version":3,"schema_name":"TwoDimTableV3","schema_type":"TwoDimTable"},"name":"Node Information","description":"","columns":[{"__meta":{"schema_version":-1,"schema_name":"ColumnSpecsBase","schema_type":"Iced"},"name":"","type":"string","format":"%s","description":""},{"__meta":{"schema_version":-1,"schema_name":"ColumnSpecsBase","schema_type":"Iced"},"name":"node","type":"int","format":"%d","description":"node"},{"__meta":{"schema_version":-1,"schema_name":"ColumnSpecsBase","schema_type":"Iced"},"name":"h2o","type":"string","format":"%s","description":"h2o"},{"__meta":{"schema_version":-1,"schema_name":"ColumnSpecsBase","schema_type":"Iced"},"name":"healthy","type":"string","format":"%s","description":"healthy"},{"__meta":{"schema_version":-1,"schema_name":"ColumnSpecsBase","schema_type":"Iced"},"name":"last_ping","type":"string","format":"%s","description":"last_ping"},{"__meta":{"schema_version":-1,"schema_name":"ColumnSpecsBase","schema_type":"Iced"},"name":"num_cpus","type":"int","format":"%d","description":"num_cpus"},{"__meta":{"schema_version":-1,"schema_name":"ColumnSpecsBase","schema_type":"Iced"},"name":"sys_load","type":"double","format":"%.5f","description":"sys_load"},{"__meta":{"schema_version":-1,"schema_name":"ColumnSpecsBase","schema_type":"Iced"},"name":"mem_value_size","type":"long","format":"%d","description":"mem_value_size"},{"__meta":{"schema_version":-1,"schema_name":"ColumnSpecsBase","schema_type":"Iced"},"name":"free_mem","type":"long","format":"%d","description":"free_mem"},{"__meta":{"schema_version":-1,"schema_name":"ColumnSpecsBase","schema_type":"Iced"},"name":"pojo_mem","type":"long","format":"%d","description":"pojo_mem"},{"__meta":{"schema_version":-1,"schema_name":"ColumnSpecsBase","schema_type":"Iced"},"name":"swap_mem","type":"long","format":"%d","description":"swap_mem"},{"__meta":{"schema_version":-1,"schema_name":"ColumnSpecsBase","schema_type":"Iced"},"name":"free_disc","type":"long","format":"%d","description":"free_disc"},{"__meta":{"schema_version":-1,"schema_name":"ColumnSpecsBase","schema_type":"Iced"},"name":"max_disc","type":"long","format":"%d","description":"max_disc"},{"__meta":{"schema_version":-1,"schema_name":"ColumnSpecsBase","schema_type":"Iced"},"name":"pid","type":"int","format":"%d","description":"pid"},{"__meta":{"schema_version":-1,"schema_name":"ColumnSpecsBase","schema_type":"Iced"},"name":"num_keys","type":"int","format":"%d","description":"num_keys"},{"__meta":{"schema_version":-1,"schema_name":"ColumnSpecsBase","schema_type":"Iced"},"name":"tcps_active","type":"string","format":"%s","description":"tcps_active"},{"__meta":{"schema_version":-1,"schema_name":"ColumnSpecsBase","schema_type":"Iced"},"name":"open_fds","type":"int","format":"%d","description":"open_fds"},{"__meta":{"schema_version":-1,"schema_name":"ColumnSpecsBase","schema_type":"Iced"},"name":"rpcs_active","type":"string","format":"%s","description":"rpcs_active"},{"__meta":{"schema_version":-1,"schema_name":"ColumnSpecsBase","schema_type":"Iced"},"name":"nthreads","type":"int","format":"%d","description":"nthreads"},{"__meta":{"schema_version":-1,"schema_name":"ColumnSpecsBase","schema_type":"Iced"},"name":"is_leader","type":"string","format":"%s","description":"is_leader"},{"__meta":{"schema_version":-1,"schema_name":"ColumnSpecsBase","schema_type":"Iced"},"name":"total_mem","type":"long","format":"%d","description":"total_mem"},{"__meta":{"schema_version":-1,"schema_name":"ColumnSpecsBase","schema_type":"Iced"},"name":"max_mem","type":"long","format":"%d","description":"max_mem"},{"__meta":{"schema_version":-1,"schema_name":"ColumnSpecsBase","schema_type":"Iced"},"name":"java_version","type":"string","format":"%s","description":"java_version"},{"__meta":{"schema_version":-1,"schema_name":"ColumnSpecsBase","schema_type":"Iced"},"name":"jvm_launch_parameters","type":"string","format":"%s","description":"jvm_launch_parameters"},{"__meta":{"schema_version":-1,"schema_name":"ColumnSpecsBase","schema_type":"Iced"},"name":"os_version","type":"string","format":"%s","description":"os_version"},{"__meta":{"schema_version":-1,"schema_name":"ColumnSpecsBase","schema_type":"Iced"},"name":"machine_physical_mem","type":"long","format":"%d","description":"machine_physical_mem"},{"__meta":{"schema_version":-1,"schema_name":"ColumnSpecsBase","schema_type":"Iced"},"name":"machine_locale","type":"string","format":"%s","description":"machine_locale"}],"rowcount":1,"data":[[""],[0],["127.0.0.1:54321"],["true"],["1679134899146"],[8],[0.29625866],[159829877],[2964702440],[71527331],[684415],[110503133184],[282185433088],[9448],[5200],["\u0000"],[-1],["\u0000"],[8],["true"],[1119879168],[3196059648],["Java 19.0.2 (from Oracle Corporation)"],["[-ea]"],["Windows 11 10.0 (amd64)"],[12777201664],["en_IN"]]},{"__meta":{"schema_version":3,"schema_name":"TwoDimTableV3","schema_type":"TwoDimTable"},"name":"Cluster Configuration","description":"","columns":[{"__meta":{"schema_version":-1,"schema_name":"ColumnSpecsBase","schema_type":"Iced"},"name":"","type":"string","format":"%s","description":""},{"__meta":{"schema_version":-1,"schema_name":"ColumnSpecsBase","schema_type":"Iced"},"name":"h2o_cluster_uptime","type":"long","format":"%d","description":"H2O cluster uptime"},{"__meta":{"schema_version":-1,"schema_name":"ColumnSpecsBase","schema_type":"Iced"},"name":"h2o_cluster_timezone","type":"string","format":"%s","description":"H2O cluster timezone"},{"__meta":{"schema_version":-1,"schema_name":"ColumnSpecsBase","schema_type":"Iced"},"name":"h2o_data_parsing_timezone","type":"string","format":"%s","description":"H2O data parsing timezone"},{"__meta":{"schema_version":-1,"schema_name":"ColumnSpecsBase","schema_type":"Iced"},"name":"h2o_cluster_version","type":"string","format":"%s","description":"H2O cluster version"},{"__meta":{"schema_version":-1,"schema_name":"ColumnSpecsBase","schema_type":"Iced"},"name":"h2o_cluster_version_age","type":"string","format":"%s","description":"H2O cluster version age"},{"__meta":{"schema_version":-1,"schema_name":"ColumnSpecsBase","schema_type":"Iced"},"name":"h2o_cluster_name","type":"string","format":"%s","description":"H2O cluster name"},{"__meta":{"schema_version":-1,"schema_name":"ColumnSpecsBase","schema_type":"Iced"},"name":"h2o_cluster_total_nodes","type":"int","format":"%d","description":"H2O cluster total nodes"},{"__meta":{"schema_version":-1,"schema_name":"ColumnSpecsBase","schema_type":"Iced"},"name":"h2o_cluster_free_memory","type":"long","format":"%d","description":"H2O cluster free memory"},{"__meta":{"schema_version":-1,"schema_name":"ColumnSpecsBase","schema_type":"Iced"},"name":"h2o_cluster_total_cores","type":"int","format":"%d","description":"H2O cluster total cores"},{"__meta":{"schema_version":-1,"schema_name":"ColumnSpecsBase","schema_type":"Iced"},"name":"h2o_cluster_allowed_cores","type":"int","format":"%d","description":"H2O cluster allowed cores"},{"__meta":{"schema_version":-1,"schema_name":"ColumnSpecsBase","schema_type":"Iced"},"name":"h2o_cluster_status","type":"string","format":"%s","description":"H2O cluster status"},{"__meta":{"schema_version":-1,"schema_name":"ColumnSpecsBase","schema_type":"Iced"},"name":"h2o_internal_security","type":"string","format":"%s","description":"H2O internal security"},{"__meta":{"schema_version":-1,"schema_name":"ColumnSpecsBase","schema_type":"Iced"},"name":"h2o_api_extensions","type":"string","format":"%s","description":"H2O API Extensions"}],"rowcount":1,"data":[[""],[2182823],["Asia/Kolkata"],["UTC"],["3.40.0.2"],["9 days"],["H2O_from_python_chara_2wlteh"],[1],[2964702440],[8],[8],["locked, healthly"],["false"],["Amazon S3, Algos, Infogram, AutoML, Core V3, TargetEncoder, Core V4"]]},{"__meta":{"schema_version":3,"schema_name":"TwoDimTableV3","schema_type":"TwoDimTable"},"name":"Input Frames Information","description":"","columns":[{"__meta":{"schema_version":-1,"schema_name":"ColumnSpecsBase","schema_type":"Iced"},"name":"","type":"string","format":"%s","description":""},{"__meta":{"schema_version":-1,"schema_name":"ColumnSpecsBase","schema_type":"Iced"},"name":"input_frame","type":"string","format":"%s","description":"Input Frame"},{"__meta":{"schema_version":-1,"schema_name":"ColumnSpecsBase","schema_type":"Iced"},"name":"checksum","type":"long","format":"%d","description":"Checksum"},{"__meta":{"schema_version":-1,"schema_name":"ColumnSpecsBase","schema_type":"Iced"},"name":"espc","type":"string","format":"%d","description":"ESPC"}],"rowcount":3,"data":[["","",""],["training_frame","validation_frame","calibration_frame"],[3771353724008998156,17886521045527745,-1],["[0, 18768, 37412, 56226, 74835, 93333, 111634, 129775, 147977, 165685, 183414, 201812, 219722, 237701, 256173, 274691, 293643, 312129, 330398, 348989, 366996, 385132, 403432, 421597, 440279, 459112, 477767, 496631, 515253, 533653, 551406, 568862, 585973]","[0, 4055, 8130, 12124, 16033, 19952, 23935, 27836, 31695, 35424, 39154, 43164, 47020, 50854, 54766, 58734, 62882, 66759, 70681, 74637, 78545, 82509, 86419, 90268, 94219, 98280, 102316, 106256, 110131, 114033, 117911, 121643, 125312]","-1"]]}],"training_metrics":{"__meta":{"schema_version":3,"schema_name":"ModelMetricsRegressionV3","schema_type":"ModelMetricsRegression"},"model":{"__meta":{"schema_version":3,"schema_name":"ModelKeyV3","schema_type":"Key<Model>"},"name":"GBM_4_AutoML_2_20230318_155053","type":"Key<Model>","URL":"/3/Models/GBM_4_AutoML_2_20230318_155053"},"model_checksum":6032899796862783264,"frame":{"__meta":{"schema_version":3,"schema_name":"FrameKeyV3","schema_type":"Key<Frame>"},"name":"AutoML_2_20230318_155053_training_py_2_sid_ae86","type":"Key<Frame>","URL":"/3/Frames/AutoML_2_20230318_155053_training_py_2_sid_ae86"},"frame_checksum":3771353724008998156,"description":null,"model_category":"Regression","scoring_time":1679134906739,"predictions":null,"MSE":248311.53403871824,"RMSE":498.3086734532304,"nobs":585973,"custom_metric_name":null,"custom_metric_value":0.0,"r2":0.9063619351266021,"mean_residual_deviance":248311.53403871824,"mae":72.26340076402803,"rmsle":"NaN"},"validation_metrics":{"__meta":{"schema_version":3,"schema_name":"ModelMetricsRegressionV3","schema_type":"ModelMetricsRegression"},"model":{"__meta":{"schema_version":3,"schema_name":"ModelKeyV3","schema_type":"Key<Model>"},"name":"GBM_4_AutoML_2_20230318_155053","type":"Key<Model>","URL":"/3/Models/GBM_4_AutoML_2_20230318_155053"},"model_checksum":6032899796862783264,"frame":{"__meta":{"schema_version":3,"schema_name":"FrameKeyV3","schema_type":"Key<Frame>"},"name":"py_4_sid_ae86","type":"Key<Frame>","URL":"/3/Frames/py_4_sid_ae86"},"frame_checksum":17886521045527745,"description":null,"model_category":"Regression","scoring_time":1679134906778,"predictions":null,"MSE":282286.45282511186,"RMSE":531.3063643747474,"nobs":125312,"custom_metric_name":null,"custom_metric_value":0.0,"r2":0.889189430835343,"mean_residual_deviance":282286.45282511186,"mae":74.50698394679777,"rmsle":"NaN"},"cross_validation_metrics":null,"cross_validation_metrics_summary":null,"status":null,"start_time":1679134899409,"end_time":1679134906781,"run_time":7372,"default_threshold":0.5,"help":{"domains":"Domains for categorical columns", "__meta":"Metadata on this schema instance, to make it self-describing.", "help":"Help information for output fields", "training_metrics":"Training data model metrics", "cross_validation_models":"Cross-validation models (model ids)", "cross_validation_predictions":"Cross-validation predictions, one per cv model (deprecated, use cross_validation_holdout_predictions_frame_id instead)", "cross_validation_metrics_summary":"Cross-validation model metrics summary", "status":"Job status", "reproducibility_information_table":"Model reproducibility information", "variable_importances":"Variable Importances", "model_summary":"Model summary", "end_time":"End time in milliseconds", "names":"Column names", "cross_validation_fold_assignment_frame_id":"Cross-validation fold assignment (each row is assigned to one holdout fold)", "run_time":"Runtime in milliseconds", "default_threshold":"Default threshold used for predictions", "scoring_history":"Scoring history", "cross_validation_holdout_predictions_frame_id":"Cross-validation holdout predictions (full out-of-sample predictions on training data)", "init_f":"The Intercept term, the initial model function value to which trees make adjustments", "model_category":"Category of the model (e.g., Binomial)", "column_types":"Column types", "original_names":"Original column names", "start_time":"Start time in milliseconds", "cv_scoring_history":"Cross-Validation scoring history", "cross_validation_metrics":"Cross-validation model metrics", "validation_metrics":"Validation data model metrics"},"variable_importances":{"__meta":{"schema_version":3,"schema_name":"TwoDimTableV3","schema_type":"TwoDimTable"},"name":"Variable Importances","description":"","columns":[{"__meta":{"schema_version":-1,"schema_name":"ColumnSpecsBase","schema_type":"Iced"},"name":"variable","type":"string","format":"%s","description":"Variable"},{"__meta":{"schema_version":-1,"schema_name":"ColumnSpecsBase","schema_type":"Iced"},"name":"relative_importance","type":"double","format":"%5f","description":"Relative Importance"},{"__meta":{"schema_version":-1,"schema_name":"ColumnSpecsBase","schema_type":"Iced"},"name":"scaled_importance","type":"double","format":"%5f","description":"Scaled Importance"},{"__meta":{"schema_version":-1,"schema_name":"ColumnSpecsBase","schema_type":"Iced"},"name":"percentage","type":"double","format":"%5f","description":"Percentage"}],"rowcount":4,"data":[["commodity_name","district","state","market"],[5.259773607936E12,7.86830196736E11,3.96135596032E11,3.78315603968E11],[1.0,0.14959392844376848,0.07531419136259146,0.07192621435211462],[0.7711085168398996,0.11535315229052838,0.05807541439860427,0.0554629164709678]]},"init_f":138.46122529536356},"compatible_frames":null}
